
> job-radar@0.1.0 dev C:\Users\tmdop\tempo\projects\job-radar
> next dev "--port=54915"

▲ Next.js 16.3.1 (Turbopack)
- Local:         http://localhost:54915
- Network:       http://192.168.32.1:54915
- Environments: .env.local
✓ Ready in 17.9s
⚠ Warning: Next.js ignored package-lock.json in C:\Users\tmdop because it is outside the current Git repository (C:\Users\tmdop\tempo\projects\job-radar).
 To use this directory, set `turbopack.root` in your Next.js config.

✓ Running next.config.ts took 1984ms

 GET / 200 in 57s (next.js: 26.8s, application-code: 29.9s)
 GET / 200 in 56s (next.js: 32.7s, application-code: 22.8s)
 GET / 200 in 56s (next.js: 33.3s, application-code: 22.2s)
 GET / 200 in 56s (next.js: 37.6s, application-code: 17.9s)
 GET / 200 in 56s (next.js: 39.7s, application-code: 15.8s)
 GET / 200 in 56s (next.js: 41s, application-code: 14.8s)
 GET / 200 in 9.7s (next.js: 1517ms, application-code: 8.2s)
 GET / 200 in 9.7s (next.js: 2.4s, application-code: 7.4s)
 GET / 200 in 8.3s (next.js: 4.3s, application-code: 4.0s)
 GET / 200 in 11.8s (next.js: 2.2s, application-code: 9.6s)
 GET / 200 in 905ms (next.js: 43ms, application-code: 861ms)
 GET / 200 in 7.7s (next.js: 4.6s, application-code: 3.1s)
 GET / 200 in 20.0s (next.js: 6.1s, application-code: 13.8s)
[browser] Uncaught Error: Hydration failed because the server rendered HTML didn't match the client. As a result this tree will be regenerated on the client. This can happen if a SSR-ed Client Component used:

- A server/client branch `if (typeof window !== 'undefined')`.
- Variable input such as `Date.now()` or `Math.random()` which changes each time it's called.
- Date formatting in a user's locale which doesn't match the server.
- External changing data without sending a snapshot of it along with the HTML.
- Invalid HTML tag nesting.

It can also happen if the client has a browser extension installed which messes with the HTML before React loaded.

https://react.dev/link/hydration-mismatch

  ...
    <HTTPAccessFallbackErrorBoundary pathname="/" notFound={{...}} forbidden={undefined} unauthorized={undefined} ...>
      <RedirectBoundary>
        <RedirectErrorBoundary router={{...}}>
          <InnerLayoutRouter url="/" tree={[...]} params={{}} cacheNode={{rsc:{...}, ...}} segmentPath={[...]} ...>
            <SegmentViewNode type="page" pagePath="page.tsx">
              <SegmentTrieNode>
              <ClientPageRoot Component={function Home} serverProvidedParams={{...}}>
                <Home params={Promise} searchParams={Promise}>
                  <main className="min-h-scre...">
                    <div className="mx-auto gr...">
                      <aside className="border-b b...">
                        <div>
                        <nav className="flex gap-2...">
                          <LinkComponent>
                          <LinkComponent>
                          <LinkComponent href="/jobs/1" className="whitespace...">
+                           <a
+                             className="whitespace-nowrap rounded-lg px-3 py-2 text-left text-sm font-medium text-sla..."
+                             ref={function}
+                             onClick={function onClick}
+                             onMouseEnter={function onMouseEnter}
+                             onTouchStart={function onTouchStart}
+                             href="/jobs/1"
+                           >
-                           <span className="whitespace-nowrap px-3 py-2 text-sm text-slate-400">
                          ...
                        ...
                      ...
            ...
          ...

    at <unknown> (https://react.dev/link/hydration-mismatch)
    at a (<anonymous>)
    at Home (src/app/page.tsx:91:13)
  89 |             <Link href="/" className="whitespace-nowrap rounded-lg bg-slate-950 px-3 py-2 text-left text-sm font-medium text-white">Today’s Radar</Link>
  90 |             <Link href="/apply-early" className="whitespace-nowrap rounded-lg px-3 py-2 text-left text-sm font-medium text-slate-500 hover:bg-slate-100">🚨 Apply Early</Link>
> 91 |             <Link href="/jobs/1" className="whitespace-nowrap rounded-lg px-3 py-2 text-left text-sm font-medium text-slate-500 hover:bg-slate-100">Example job detail</Link>
     |             ^
  92 |             <span className="whitespace-nowrap px-3 py-2 text-sm text-slate-400">Saved & activity — coming with persistence</span>
  93 |             <Link href="/analytics" className="whitespace-nowrap rounded-lg px-3 py-2 text-left text-sm font-medium text-slate-500 hover:bg-slate-100">Analytics</Link>
  94 |           </nav>
 GET /apply-early 200 in 1362ms (next.js: 457ms, application-code: 904ms)
 GET /jobs/1 200 in 4.5s (next.js: 4.0s, application-code: 445ms)
 GET /jobs/1 200 in 394ms (next.js: 93ms, application-code: 301ms)
 GET /jobs/1 200 in 1093ms (next.js: 114ms, application-code: 979ms)
 GET /analytics 200 in 767ms (next.js: 371ms, application-code: 396ms)
 GET / 200 in 112ms (next.js: 39ms, application-code: 74ms)
 GET / 200 in 846ms (next.js: 677ms, application-code: 169ms)
 GET /settings 200 in 345ms (next.js: 173ms, application-code: 172ms)
 GET / 200 in 141ms (next.js: 31ms, application-code: 111ms)
 GET /jobs/1 200 in 371ms (next.js: 104ms, application-code: 267ms)
 GET /jobs/1 200 in 280ms (next.js: 124ms, application-code: 156ms)
 GET /jobs/1 200 in 171ms (next.js: 40ms, application-code: 131ms)
 GET / 200 in 150ms (next.js: 36ms, application-code: 114ms)
 GET /apply-early 200 in 111ms (next.js: 25ms, application-code: 85ms)
 GET / 200 in 96ms (next.js: 28ms, application-code: 68ms)
 GET /analytics 200 in 125ms (next.js: 19ms, application-code: 105ms)
 GET / 200 in 110ms (next.js: 26ms, application-code: 84ms)
 GET / 200 in 522ms (next.js: 100ms, application-code: 421ms)
 GET /apply-early 200 in 119ms (next.js: 35ms, application-code: 84ms)
 GET / 200 in 80ms (next.js: 15ms, application-code: 65ms)
✓ Compiled in 3.5s
✓ Compiled in 4.1s
 GET / 200 in 995ms (next.js: 87ms, application-code: 908ms)
 GET / 200 in 268ms (next.js: 20ms, application-code: 248ms)
✓ Compiled in 317ms
 GET / 200 in 1363ms (next.js: 974ms, application-code: 389ms)
 GET / 200 in 310ms (next.js: 154ms, application-code: 155ms)
 GET / 200 in 277ms (next.js: 131ms, application-code: 146ms)
 GET / 200 in 720ms (next.js: 115ms, application-code: 605ms)
 GET / 200 in 615ms (next.js: 56ms, application-code: 558ms)
 GET / 200 in 514ms (next.js: 45ms, application-code: 470ms)
 GET / 200 in 493ms (next.js: 94ms, application-code: 399ms)
 GET / 200 in 515ms (next.js: 33ms, application-code: 483ms)
 GET / 200 in 298ms (next.js: 74ms, application-code: 225ms)
 GET / 200 in 167ms (next.js: 46ms, application-code: 121ms)
 GET / 200 in 108ms (next.js: 23ms, application-code: 85ms)
 GET / 200 in 213ms (next.js: 17ms, application-code: 196ms)
 GET / 200 in 250ms (next.js: 22ms, application-code: 229ms)
 GET / 200 in 288ms (next.js: 22ms, application-code: 266ms)
 GET / 200 in 275ms (next.js: 29ms, application-code: 246ms)
 GET / 200 in 121ms (next.js: 28ms, application-code: 94ms)
 GET / 200 in 202ms (next.js: 80ms, application-code: 122ms)
 GET / 200 in 182ms (next.js: 31ms, application-code: 151ms)
 GET / 200 in 479ms (next.js: 33ms, application-code: 446ms)
 GET / 200 in 301ms (next.js: 69ms, application-code: 232ms)
✓ Compiled in 253ms
 GET / 200 in 636ms (next.js: 80ms, application-code: 555ms)
 GET / 200 in 613ms (next.js: 49ms, application-code: 564ms)
 GET / 200 in 435ms (next.js: 127ms, application-code: 308ms)
 GET / 200 in 264ms (next.js: 33ms, application-code: 231ms)
 GET / 200 in 109ms (next.js: 25ms, application-code: 84ms)
 GET / 200 in 954ms (next.js: 118ms, application-code: 835ms)
 GET /notifications 200 in 1919ms (next.js: 1772ms, application-code: 147ms)
✓ Compiled in 763ms
 GET /notifications 200 in 1826ms (next.js: 764ms, application-code: 1062ms)
 GET /notifications 200 in 799ms (next.js: 85ms, application-code: 713ms)
 GET /notifications 200 in 393ms (next.js: 108ms, application-code: 285ms)
 GET /notifications 200 in 652ms (next.js: 93ms, application-code: 559ms)
 GET /notifications 200 in 532ms (next.js: 89ms, application-code: 443ms)
 GET /notifications 200 in 626ms (next.js: 36ms, application-code: 590ms)
 GET /notifications 200 in 647ms (next.js: 89ms, application-code: 558ms)
 GET /notifications 200 in 564ms (next.js: 103ms, application-code: 462ms)
 GET /notifications 200 in 233ms (next.js: 65ms, application-code: 168ms)
 GET /notifications 200 in 467ms (next.js: 84ms, application-code: 383ms)
 GET /notifications 200 in 624ms (next.js: 43ms, application-code: 581ms)
 GET /notifications 200 in 662ms (next.js: 81ms, application-code: 581ms)
 GET /notifications 200 in 494ms (next.js: 85ms, application-code: 409ms)
 GET /notifications 200 in 552ms (next.js: 62ms, application-code: 490ms)
 GET /notifications 200 in 646ms (next.js: 47ms, application-code: 599ms)
 GET /notifications 200 in 655ms (next.js: 55ms, application-code: 599ms)
 GET /notifications 200 in 689ms (next.js: 47ms, application-code: 642ms)
 GET /notifications 200 in 685ms (next.js: 101ms, application-code: 584ms)
 GET /notifications 200 in 723ms (next.js: 119ms, application-code: 604ms)
 GET /notifications 200 in 917ms (next.js: 100ms, application-code: 817ms)
 GET /notifications 200 in 1239ms (next.js: 96ms, application-code: 1143ms)
 GET /notifications 200 in 1048ms (next.js: 195ms, application-code: 853ms)
 GET /notifications 200 in 435ms (next.js: 79ms, application-code: 356ms)
 GET /notifications 200 in 850ms (next.js: 269ms, application-code: 581ms)
 GET /notifications 200 in 531ms (next.js: 100ms, application-code: 432ms)
 GET /notifications 200 in 869ms (next.js: 104ms, application-code: 765ms)
 GET /notifications 200 in 684ms (next.js: 247ms, application-code: 437ms)
 GET /settings 200 in 372ms (next.js: 152ms, application-code: 220ms)
 GET / 200 in 132ms (next.js: 64ms, application-code: 68ms)
 GET /notifications 200 in 85ms (next.js: 15ms, application-code: 70ms)
 GET /settings 200 in 288ms (next.js: 48ms, application-code: 240ms)
 GET / 200 in 249ms (next.js: 55ms, application-code: 194ms)
 GET /sources 200 in 1962ms (next.js: 1698ms, application-code: 264ms)
 GET / 200 in 308ms (next.js: 144ms, application-code: 164ms)
 GET / 200 in 701ms (next.js: 16ms, application-code: 686ms)
✓ Compiled in 4.2s
 GET / 200 in 15.2s (next.js: 10.8s, application-code: 4.4s)
 GET / 200 in 93ms (next.js: 16ms, application-code: 77ms)
 GET / 200 in 341ms (next.js: 29ms, application-code: 312ms)
 GET / 200 in 703ms (next.js: 33ms, application-code: 669ms)
 GET / 200 in 759ms (next.js: 84ms, application-code: 675ms)
 GET /analytics 200 in 156ms (next.js: 69ms, application-code: 87ms)
⚠ The "middleware" file convention is deprecated. Please use "proxy" instead.

  To migrate automatically, run:
  npx @next/codemod@canary middleware-to-proxy .

  Learn more: https://nextjs.org/docs/messages/middleware-to-proxy
⨯ ./src/middleware.ts:1:1
Error: Module not found: Can't resolve '@supabase/ssr'
[31m[1m>[0m [90m1 |[0m [36mimport[0m { createServerClient } [36mfrom[0m [32m"@supabase/ssr"[0m;
  [90m  |[0m [31m[1m^^^^^^^^^^^^^^^^^^^^^^^^^^^^^^^^^^^^^^^^^^^^^^^^^^^[0m
  [90m2 |[0m [36mimport[0m { [33mNextResponse[0m, [36mtype[0m [33mNextRequest[0m } [36mfrom[0m [32m"next/server"[0m;
  [90m3 |[0m
  [90m4 |[0m [36mexport[0m [36masync[0m [36mfunction[0m middleware(request: [33mNextRequest[0m) {



https://nextjs.org/docs/messages/module-not-found


⨯ ./src/middleware.ts:1:1
Error: Module not found: Can't resolve '@supabase/ssr'
[31m[1m>[0m [90m1 |[0m [36mimport[0m { createServerClient } [36mfrom[0m [32m"@supabase/ssr"[0m;
  [90m  |[0m [31m[1m^^^^^^^^^^^^^^^^^^^^^^^^^^^^^^^^^^^^^^^^^^^^^^^^^^^[0m
  [90m2 |[0m [36mimport[0m { [33mNextResponse[0m, [36mtype[0m [33mNextRequest[0m } [36mfrom[0m [32m"next/server"[0m;
  [90m3 |[0m
  [90m4 |[0m [36mexport[0m [36masync[0m [36mfunction[0m middleware(request: [33mNextRequest[0m) {



https://nextjs.org/docs/messages/module-not-found


[browser] ./src/middleware.ts:1:1
Error: Module not found: Can't resolve '@supabase/ssr'
> 1 | import { createServerClient } from "@supabase/ssr";
    | ^^^^^^^^^^^^^^^^^^^^^^^^^^^^^^^^^^^^^^^^^^^^^^^^^^^
  2 | import { NextResponse, type NextRequest } from "next/server";
  3 |
  4 | export async function middleware(request: NextRequest) {

https://nextjs.org/docs/messages/module-not-found 
[browser] ./src/middleware.ts:1:1
Error: Module not found: Can't resolve '@supabase/ssr'
> 1 | import { createServerClient } from "@supabase/ssr";
    | ^^^^^^^^^^^^^^^^^^^^^^^^^^^^^^^^^^^^^^^^^^^^^^^^^^^
  2 | import { NextResponse, type NextRequest } from "next/server";
  3 |
  4 | export async function middleware(request: NextRequest) {

https://nextjs.org/docs/messages/module-not-found 
[browser] ./src/middleware.ts:1:1
Error: Module not found: Can't resolve '@supabase/ssr'
> 1 | import { createServerClient } from "@supabase/ssr";
    | ^^^^^^^^^^^^^^^^^^^^^^^^^^^^^^^^^^^^^^^^^^^^^^^^^^^
  2 | import { NextResponse, type NextRequest } from "next/server";
  3 |
  4 | export async function middleware(request: NextRequest) {

https://nextjs.org/docs/messages/module-not-found 
[browser] ./src/middleware.ts:1:1
Error: Module not found: Can't resolve '@supabase/ssr'
> 1 | import { createServerClient } from "@supabase/ssr";
    | ^^^^^^^^^^^^^^^^^^^^^^^^^^^^^^^^^^^^^^^^^^^^^^^^^^^
  2 | import { NextResponse, type NextRequest } from "next/server";
  3 |
  4 | export async function middleware(request: NextRequest) {

https://nextjs.org/docs/messages/module-not-found 
○ Compiling /_error ...
 GET /analytics 404 in 10.0s (next.js: -4653.1ms, proxy.ts: 9.9s, application-code: 4.8s)
[browser] Uncaught Error: ./src/middleware.ts:1:1
Error: Module not found: Can't resolve '@supabase/ssr'
> 1 | import { createServerClient } from "@supabase/ssr";
    | ^^^^^^^^^^^^^^^^^^^^^^^^^^^^^^^^^^^^^^^^^^^^^^^^^^^
  2 | import { NextResponse, type NextRequest } from "next/server";
  3 |
  4 | export async function middleware(request: NextRequest) {



https://nextjs.org/docs/messages/module-not-found


    at <unknown> (Error: ./src/middleware.ts:1:1)
    at <unknown> (https://nextjs.org/docs/messages/module-not-found)
    at <unknown> (Error: (./src/middleware.ts:1:1)
    at <unknown> (https://nextjs.org/docs/messages/module-not-found)
[browser] ./src/middleware.ts:1:1
Error: Module not found: Can't resolve '@supabase/ssr'
> 1 | import { createServerClient } from "@supabase/ssr";
    | ^^^^^^^^^^^^^^^^^^^^^^^^^^^^^^^^^^^^^^^^^^^^^^^^^^^
  2 | import { NextResponse, type NextRequest } from "next/server";
  3 |
  4 | export async function middleware(request: NextRequest) {

https://nextjs.org/docs/messages/module-not-found 
[browser] ./src/middleware.ts:1:1
Error: Module not found: Can't resolve '@supabase/ssr'
> 1 | import { createServerClient } from "@supabase/ssr";
    | ^^^^^^^^^^^^^^^^^^^^^^^^^^^^^^^^^^^^^^^^^^^^^^^^^^^
  2 | import { NextResponse, type NextRequest } from "next/server";
  3 |
  4 | export async function middleware(request: NextRequest) {

https://nextjs.org/docs/messages/module-not-found 
[browser] ./src/middleware.ts:1:1
Error: Module not found: Can't resolve '@supabase/ssr'
> 1 | import { createServerClient } from "@supabase/ssr";
    | ^^^^^^^^^^^^^^^^^^^^^^^^^^^^^^^^^^^^^^^^^^^^^^^^^^^
  2 | import { NextResponse, type NextRequest } from "next/server";
  3 |
  4 | export async function middleware(request: NextRequest) {

https://nextjs.org/docs/messages/module-not-found 
[browser] ./src/middleware.ts:1:1
Error: Module not found: Can't resolve '@supabase/ssr'
> 1 | import { createServerClient } from "@supabase/ssr";
    | ^^^^^^^^^^^^^^^^^^^^^^^^^^^^^^^^^^^^^^^^^^^^^^^^^^^
  2 | import { NextResponse, type NextRequest } from "next/server";
  3 |
  4 | export async function middleware(request: NextRequest) {

https://nextjs.org/docs/messages/module-not-found 
[browser] ./src/middleware.ts:1:1
Error: Module not found: Can't resolve '@supabase/ssr'
> 1 | import { createServerClient } from "@supabase/ssr";
    | ^^^^^^^^^^^^^^^^^^^^^^^^^^^^^^^^^^^^^^^^^^^^^^^^^^^
  2 | import { NextResponse, type NextRequest } from "next/server";
  3 |
  4 | export async function middleware(request: NextRequest) {

https://nextjs.org/docs/messages/module-not-found 
[browser] ./src/middleware.ts:1:1
Error: Module not found: Can't resolve '@supabase/ssr'
> 1 | import { createServerClient } from "@supabase/ssr";
    | ^^^^^^^^^^^^^^^^^^^^^^^^^^^^^^^^^^^^^^^^^^^^^^^^^^^
  2 | import { NextResponse, type NextRequest } from "next/server";
  3 |
  4 | export async function middleware(request: NextRequest) {

https://nextjs.org/docs/messages/module-not-found 
[browser] ./src/middleware.ts:1:1
Error: Module not found: Can't resolve '@supabase/ssr'
> 1 | import { createServerClient } from "@supabase/ssr";
    | ^^^^^^^^^^^^^^^^^^^^^^^^^^^^^^^^^^^^^^^^^^^^^^^^^^^
  2 | import { NextResponse, type NextRequest } from "next/server";
  3 |
  4 | export async function middleware(request: NextRequest) {

https://nextjs.org/docs/messages/module-not-found 
[browser] ./src/middleware.ts:1:1
Error: Module not found: Can't resolve '@supabase/ssr'
> 1 | import { createServerClient } from "@supabase/ssr";
    | ^^^^^^^^^^^^^^^^^^^^^^^^^^^^^^^^^^^^^^^^^^^^^^^^^^^
  2 | import { NextResponse, type NextRequest } from "next/server";
  3 |
  4 | export async function middleware(request: NextRequest) {

https://nextjs.org/docs/messages/module-not-found 
[browser] ./src/middleware.ts:1:1
Error: Module not found: Can't resolve '@supabase/ssr'
> 1 | import { createServerClient } from "@supabase/ssr";
    | ^^^^^^^^^^^^^^^^^^^^^^^^^^^^^^^^^^^^^^^^^^^^^^^^^^^
  2 | import { NextResponse, type NextRequest } from "next/server";
  3 |
  4 | export async function middleware(request: NextRequest) {

https://nextjs.org/docs/messages/module-not-found 
[browser] ./src/middleware.ts:1:1
Error: Module not found: Can't resolve '@supabase/ssr'
> 1 | import { createServerClient } from "@supabase/ssr";
    | ^^^^^^^^^^^^^^^^^^^^^^^^^^^^^^^^^^^^^^^^^^^^^^^^^^^
  2 | import { NextResponse, type NextRequest } from "next/server";
  3 |
  4 | export async function middleware(request: NextRequest) {

https://nextjs.org/docs/messages/module-not-found 
[browser] ./src/middleware.ts:1:1
Error: Module not found: Can't resolve '@supabase/ssr'
> 1 | import { createServerClient } from "@supabase/ssr";
    | ^^^^^^^^^^^^^^^^^^^^^^^^^^^^^^^^^^^^^^^^^^^^^^^^^^^
  2 | import { NextResponse, type NextRequest } from "next/server";
  3 |
  4 | export async function middleware(request: NextRequest) {

https://nextjs.org/docs/messages/module-not-found 
[browser] ./src/middleware.ts:1:1
Error: Module not found: Can't resolve '@supabase/ssr'
> 1 | import { createServerClient } from "@supabase/ssr";
    | ^^^^^^^^^^^^^^^^^^^^^^^^^^^^^^^^^^^^^^^^^^^^^^^^^^^
  2 | import { NextResponse, type NextRequest } from "next/server";
  3 |
  4 | export async function middleware(request: NextRequest) {

https://nextjs.org/docs/messages/module-not-found 
[browser] ./src/middleware.ts:1:1
Error: Module not found: Can't resolve '@supabase/ssr'
> 1 | import { createServerClient } from "@supabase/ssr";
    | ^^^^^^^^^^^^^^^^^^^^^^^^^^^^^^^^^^^^^^^^^^^^^^^^^^^
  2 | import { NextResponse, type NextRequest } from "next/server";
  3 |
  4 | export async function middleware(request: NextRequest) {

https://nextjs.org/docs/messages/module-not-found 
[browser] ./src/middleware.ts:1:1
Error: Module not found: Can't resolve '@supabase/ssr'
> 1 | import { createServerClient } from "@supabase/ssr";
    | ^^^^^^^^^^^^^^^^^^^^^^^^^^^^^^^^^^^^^^^^^^^^^^^^^^^
  2 | import { NextResponse, type NextRequest } from "next/server";
  3 |
  4 | export async function middleware(request: NextRequest) {

https://nextjs.org/docs/messages/module-not-found 
[browser] ./src/middleware.ts:1:1
Error: Module not found: Can't resolve '@supabase/ssr'
> 1 | import { createServerClient } from "@supabase/ssr";
    | ^^^^^^^^^^^^^^^^^^^^^^^^^^^^^^^^^^^^^^^^^^^^^^^^^^^
  2 | import { NextResponse, type NextRequest } from "next/server";
  3 |
  4 | export async function middleware(request: NextRequest) {

https://nextjs.org/docs/messages/module-not-found 
[browser] ./src/middleware.ts:1:1
Error: Module not found: Can't resolve '@supabase/ssr'
> 1 | import { createServerClient } from "@supabase/ssr";
    | ^^^^^^^^^^^^^^^^^^^^^^^^^^^^^^^^^^^^^^^^^^^^^^^^^^^
  2 | import { NextResponse, type NextRequest } from "next/server";
  3 |
  4 | export async function middleware(request: NextRequest) {

https://nextjs.org/docs/messages/module-not-found 
[browser] ./src/middleware.ts:1:1
Error: Module not found: Can't resolve '@supabase/ssr'
> 1 | import { createServerClient } from "@supabase/ssr";
    | ^^^^^^^^^^^^^^^^^^^^^^^^^^^^^^^^^^^^^^^^^^^^^^^^^^^
  2 | import { NextResponse, type NextRequest } from "next/server";
  3 |
  4 | export async function middleware(request: NextRequest) {

https://nextjs.org/docs/messages/module-not-found 
[browser] ./src/middleware.ts:1:1
Error: Module not found: Can't resolve '@supabase/ssr'
> 1 | import { createServerClient } from "@supabase/ssr";
    | ^^^^^^^^^^^^^^^^^^^^^^^^^^^^^^^^^^^^^^^^^^^^^^^^^^^
  2 | import { NextResponse, type NextRequest } from "next/server";
  3 |
  4 | export async function middleware(request: NextRequest) {

https://nextjs.org/docs/messages/module-not-found 
[browser] ./src/middleware.ts:1:1
Error: Module not found: Can't resolve '@supabase/ssr'
> 1 | import { createServerClient } from "@supabase/ssr";
    | ^^^^^^^^^^^^^^^^^^^^^^^^^^^^^^^^^^^^^^^^^^^^^^^^^^^
  2 | import { NextResponse, type NextRequest } from "next/server";
  3 |
  4 | export async function middleware(request: NextRequest) {

https://nextjs.org/docs/messages/module-not-found 
[browser] ./src/middleware.ts:1:1
Error: Module not found: Can't resolve '@supabase/ssr'
> 1 | import { createServerClient } from "@supabase/ssr";
    | ^^^^^^^^^^^^^^^^^^^^^^^^^^^^^^^^^^^^^^^^^^^^^^^^^^^
  2 | import { NextResponse, type NextRequest } from "next/server";
  3 |
  4 | export async function middleware(request: NextRequest) {

https://nextjs.org/docs/messages/module-not-found 
[browser] ./src/middleware.ts:1:1
Error: Module not found: Can't resolve '@supabase/ssr'
> 1 | import { createServerClient } from "@supabase/ssr";
    | ^^^^^^^^^^^^^^^^^^^^^^^^^^^^^^^^^^^^^^^^^^^^^^^^^^^
  2 | import { NextResponse, type NextRequest } from "next/server";
  3 |
  4 | export async function middleware(request: NextRequest) {

https://nextjs.org/docs/messages/module-not-found 
[browser] ./src/middleware.ts:1:1
Error: Module not found: Can't resolve '@supabase/ssr'
> 1 | import { createServerClient } from "@supabase/ssr";
    | ^^^^^^^^^^^^^^^^^^^^^^^^^^^^^^^^^^^^^^^^^^^^^^^^^^^
  2 | import { NextResponse, type NextRequest } from "next/server";
  3 |
  4 | export async function middleware(request: NextRequest) {

https://nextjs.org/docs/messages/module-not-found 
[browser] ./src/middleware.ts:1:1
Error: Module not found: Can't resolve '@supabase/ssr'
> 1 | import { createServerClient } from "@supabase/ssr";
    | ^^^^^^^^^^^^^^^^^^^^^^^^^^^^^^^^^^^^^^^^^^^^^^^^^^^
  2 | import { NextResponse, type NextRequest } from "next/server";
  3 |
  4 | export async function middleware(request: NextRequest) {

https://nextjs.org/docs/messages/module-not-found 
[browser] ./src/middleware.ts:1:1
Error: Module not found: Can't resolve '@supabase/ssr'
> 1 | import { createServerClient } from "@supabase/ssr";
    | ^^^^^^^^^^^^^^^^^^^^^^^^^^^^^^^^^^^^^^^^^^^^^^^^^^^
  2 | import { NextResponse, type NextRequest } from "next/server";
  3 |
  4 | export async function middleware(request: NextRequest) {

https://nextjs.org/docs/messages/module-not-found 
[browser] ./src/middleware.ts:1:1
Error: Module not found: Can't resolve '@supabase/ssr'
> 1 | import { createServerClient } from "@supabase/ssr";
    | ^^^^^^^^^^^^^^^^^^^^^^^^^^^^^^^^^^^^^^^^^^^^^^^^^^^
  2 | import { NextResponse, type NextRequest } from "next/server";
  3 |
  4 | export async function middleware(request: NextRequest) {

https://nextjs.org/docs/messages/module-not-found 
[browser] ./src/middleware.ts:1:1
Error: Module not found: Can't resolve '@supabase/ssr'
> 1 | import { createServerClient } from "@supabase/ssr";
    | ^^^^^^^^^^^^^^^^^^^^^^^^^^^^^^^^^^^^^^^^^^^^^^^^^^^
  2 | import { NextResponse, type NextRequest } from "next/server";
  3 |
  4 | export async function middleware(request: NextRequest) {

https://nextjs.org/docs/messages/module-not-found 
[browser] ./src/middleware.ts:1:1
Error: Module not found: Can't resolve '@supabase/ssr'
> 1 | import { createServerClient } from "@supabase/ssr";
    | ^^^^^^^^^^^^^^^^^^^^^^^^^^^^^^^^^^^^^^^^^^^^^^^^^^^
  2 | import { NextResponse, type NextRequest } from "next/server";
  3 |
  4 | export async function middleware(request: NextRequest) {

https://nextjs.org/docs/messages/module-not-found 
[browser] ./src/middleware.ts:1:1
Error: Module not found: Can't resolve '@supabase/ssr'
> 1 | import { createServerClient } from "@supabase/ssr";
    | ^^^^^^^^^^^^^^^^^^^^^^^^^^^^^^^^^^^^^^^^^^^^^^^^^^^
  2 | import { NextResponse, type NextRequest } from "next/server";
  3 |
  4 | export async function middleware(request: NextRequest) {

https://nextjs.org/docs/messages/module-not-found 
[browser] ./src/middleware.ts:1:1
Error: Module not found: Can't resolve '@supabase/ssr'
> 1 | import { createServerClient } from "@supabase/ssr";
    | ^^^^^^^^^^^^^^^^^^^^^^^^^^^^^^^^^^^^^^^^^^^^^^^^^^^
  2 | import { NextResponse, type NextRequest } from "next/server";
  3 |
  4 | export async function middleware(request: NextRequest) {

https://nextjs.org/docs/messages/module-not-found 
[browser] ./src/middleware.ts:1:1
Error: Module not found: Can't resolve '@supabase/ssr'
> 1 | import { createServerClient } from "@supabase/ssr";
    | ^^^^^^^^^^^^^^^^^^^^^^^^^^^^^^^^^^^^^^^^^^^^^^^^^^^
  2 | import { NextResponse, type NextRequest } from "next/server";
  3 |
  4 | export async function middleware(request: NextRequest) {

https://nextjs.org/docs/messages/module-not-found 
[browser] ./src/middleware.ts:1:1
Error: Module not found: Can't resolve '@supabase/ssr'
> 1 | import { createServerClient } from "@supabase/ssr";
    | ^^^^^^^^^^^^^^^^^^^^^^^^^^^^^^^^^^^^^^^^^^^^^^^^^^^
  2 | import { NextResponse, type NextRequest } from "next/server";
  3 |
  4 | export async function middleware(request: NextRequest) {

https://nextjs.org/docs/messages/module-not-found 
[browser] ./src/middleware.ts:1:1
Error: Module not found: Can't resolve '@supabase/ssr'
> 1 | import { createServerClient } from "@supabase/ssr";
    | ^^^^^^^^^^^^^^^^^^^^^^^^^^^^^^^^^^^^^^^^^^^^^^^^^^^
  2 | import { NextResponse, type NextRequest } from "next/server";
  3 |
  4 | export async function middleware(request: NextRequest) {

https://nextjs.org/docs/messages/module-not-found 
[browser] ./src/middleware.ts:1:1
Error: Module not found: Can't resolve '@supabase/ssr'
> 1 | import { createServerClient } from "@supabase/ssr";
    | ^^^^^^^^^^^^^^^^^^^^^^^^^^^^^^^^^^^^^^^^^^^^^^^^^^^
  2 | import { NextResponse, type NextRequest } from "next/server";
  3 |
  4 | export async function middleware(request: NextRequest) {

https://nextjs.org/docs/messages/module-not-found 
[browser] ./src/middleware.ts:1:1
Error: Module not found: Can't resolve '@supabase/ssr'
> 1 | import { createServerClient } from "@supabase/ssr";
    | ^^^^^^^^^^^^^^^^^^^^^^^^^^^^^^^^^^^^^^^^^^^^^^^^^^^
  2 | import { NextResponse, type NextRequest } from "next/server";
  3 |
  4 | export async function middleware(request: NextRequest) {

https://nextjs.org/docs/messages/module-not-found 
[browser] ./src/middleware.ts:1:1
Error: Module not found: Can't resolve '@supabase/ssr'
> 1 | import { createServerClient } from "@supabase/ssr";
    | ^^^^^^^^^^^^^^^^^^^^^^^^^^^^^^^^^^^^^^^^^^^^^^^^^^^
  2 | import { NextResponse, type NextRequest } from "next/server";
  3 |
  4 | export async function middleware(request: NextRequest) {

https://nextjs.org/docs/messages/module-not-found 
[browser] ./src/middleware.ts:1:1
Error: Module not found: Can't resolve '@supabase/ssr'
> 1 | import { createServerClient } from "@supabase/ssr";
    | ^^^^^^^^^^^^^^^^^^^^^^^^^^^^^^^^^^^^^^^^^^^^^^^^^^^
  2 | import { NextResponse, type NextRequest } from "next/server";
  3 |
  4 | export async function middleware(request: NextRequest) {

https://nextjs.org/docs/messages/module-not-found 
[browser] ./src/middleware.ts:1:1
Error: Module not found: Can't resolve '@supabase/ssr'
> 1 | import { createServerClient } from "@supabase/ssr";
    | ^^^^^^^^^^^^^^^^^^^^^^^^^^^^^^^^^^^^^^^^^^^^^^^^^^^
  2 | import { NextResponse, type NextRequest } from "next/server";
  3 |
  4 | export async function middleware(request: NextRequest) {

https://nextjs.org/docs/messages/module-not-found 
[browser] ./src/middleware.ts:1:1
Error: Module not found: Can't resolve '@supabase/ssr'
> 1 | import { createServerClient } from "@supabase/ssr";
    | ^^^^^^^^^^^^^^^^^^^^^^^^^^^^^^^^^^^^^^^^^^^^^^^^^^^
  2 | import { NextResponse, type NextRequest } from "next/server";
  3 |
  4 | export async function middleware(request: NextRequest) {

https://nextjs.org/docs/messages/module-not-found 
[browser] ./src/middleware.ts:1:1
Error: Module not found: Can't resolve '@supabase/ssr'
> 1 | import { createServerClient } from "@supabase/ssr";
    | ^^^^^^^^^^^^^^^^^^^^^^^^^^^^^^^^^^^^^^^^^^^^^^^^^^^
  2 | import { NextResponse, type NextRequest } from "next/server";
  3 |
  4 | export async function middleware(request: NextRequest) {

https://nextjs.org/docs/messages/module-not-found 
[browser] ./src/middleware.ts:1:1
Error: Module not found: Can't resolve '@supabase/ssr'
> 1 | import { createServerClient } from "@supabase/ssr";
    | ^^^^^^^^^^^^^^^^^^^^^^^^^^^^^^^^^^^^^^^^^^^^^^^^^^^
  2 | import { NextResponse, type NextRequest } from "next/server";
  3 |
  4 | export async function middleware(request: NextRequest) {

https://nextjs.org/docs/messages/module-not-found 
[browser] ./src/middleware.ts:1:1
Error: Module not found: Can't resolve '@supabase/ssr'
> 1 | import { createServerClient } from "@supabase/ssr";
    | ^^^^^^^^^^^^^^^^^^^^^^^^^^^^^^^^^^^^^^^^^^^^^^^^^^^
  2 | import { NextResponse, type NextRequest } from "next/server";
  3 |
  4 | export async function middleware(request: NextRequest) {

https://nextjs.org/docs/messages/module-not-found 
[browser] ./src/middleware.ts:1:1
Error: Module not found: Can't resolve '@supabase/ssr'
> 1 | import { createServerClient } from "@supabase/ssr";
    | ^^^^^^^^^^^^^^^^^^^^^^^^^^^^^^^^^^^^^^^^^^^^^^^^^^^
  2 | import { NextResponse, type NextRequest } from "next/server";
  3 |
  4 | export async function middleware(request: NextRequest) {

https://nextjs.org/docs/messages/module-not-found 
[browser] ./src/middleware.ts:1:1
Error: Module not found: Can't resolve '@supabase/ssr'
> 1 | import { createServerClient } from "@supabase/ssr";
    | ^^^^^^^^^^^^^^^^^^^^^^^^^^^^^^^^^^^^^^^^^^^^^^^^^^^
  2 | import { NextResponse, type NextRequest } from "next/server";
  3 |
  4 | export async function middleware(request: NextRequest) {

https://nextjs.org/docs/messages/module-not-found 
[browser] ./src/middleware.ts:1:1
Error: Module not found: Can't resolve '@supabase/ssr'
> 1 | import { createServerClient } from "@supabase/ssr";
    | ^^^^^^^^^^^^^^^^^^^^^^^^^^^^^^^^^^^^^^^^^^^^^^^^^^^
  2 | import { NextResponse, type NextRequest } from "next/server";
  3 |
  4 | export async function middleware(request: NextRequest) {

https://nextjs.org/docs/messages/module-not-found 
[browser] ./src/middleware.ts:1:1
Error: Module not found: Can't resolve '@supabase/ssr'
> 1 | import { createServerClient } from "@supabase/ssr";
    | ^^^^^^^^^^^^^^^^^^^^^^^^^^^^^^^^^^^^^^^^^^^^^^^^^^^
  2 | import { NextResponse, type NextRequest } from "next/server";
  3 |
  4 | export async function middleware(request: NextRequest) {

https://nextjs.org/docs/messages/module-not-found 
[browser] ./src/middleware.ts:1:1
Error: Module not found: Can't resolve '@supabase/ssr'
> 1 | import { createServerClient } from "@supabase/ssr";
    | ^^^^^^^^^^^^^^^^^^^^^^^^^^^^^^^^^^^^^^^^^^^^^^^^^^^
  2 | import { NextResponse, type NextRequest } from "next/server";
  3 |
  4 | export async function middleware(request: NextRequest) {

https://nextjs.org/docs/messages/module-not-found 
[browser] ./src/middleware.ts:1:1
Error: Module not found: Can't resolve '@supabase/ssr'
> 1 | import { createServerClient } from "@supabase/ssr";
    | ^^^^^^^^^^^^^^^^^^^^^^^^^^^^^^^^^^^^^^^^^^^^^^^^^^^
  2 | import { NextResponse, type NextRequest } from "next/server";
  3 |
  4 | export async function middleware(request: NextRequest) {

https://nextjs.org/docs/messages/module-not-found 
[browser] ./src/middleware.ts:1:1
Error: Module not found: Can't resolve '@supabase/ssr'
> 1 | import { createServerClient } from "@supabase/ssr";
    | ^^^^^^^^^^^^^^^^^^^^^^^^^^^^^^^^^^^^^^^^^^^^^^^^^^^
  2 | import { NextResponse, type NextRequest } from "next/server";
  3 |
  4 | export async function middleware(request: NextRequest) {

https://nextjs.org/docs/messages/module-not-found 
[browser] ./src/middleware.ts:1:1
Error: Module not found: Can't resolve '@supabase/ssr'
> 1 | import { createServerClient } from "@supabase/ssr";
    | ^^^^^^^^^^^^^^^^^^^^^^^^^^^^^^^^^^^^^^^^^^^^^^^^^^^
  2 | import { NextResponse, type NextRequest } from "next/server";
  3 |
  4 | export async function middleware(request: NextRequest) {

https://nextjs.org/docs/messages/module-not-found 
[browser] ./src/middleware.ts:1:1
Error: Module not found: Can't resolve '@supabase/ssr'
> 1 | import { createServerClient } from "@supabase/ssr";
    | ^^^^^^^^^^^^^^^^^^^^^^^^^^^^^^^^^^^^^^^^^^^^^^^^^^^
  2 | import { NextResponse, type NextRequest } from "next/server";
  3 |
  4 | export async function middleware(request: NextRequest) {

https://nextjs.org/docs/messages/module-not-found 
[browser] ./src/middleware.ts:1:1
Error: Module not found: Can't resolve '@supabase/ssr'
> 1 | import { createServerClient } from "@supabase/ssr";
    | ^^^^^^^^^^^^^^^^^^^^^^^^^^^^^^^^^^^^^^^^^^^^^^^^^^^
  2 | import { NextResponse, type NextRequest } from "next/server";
  3 |
  4 | export async function middleware(request: NextRequest) {

https://nextjs.org/docs/messages/module-not-found 
[browser] ./src/middleware.ts:1:1
Error: Module not found: Can't resolve '@supabase/ssr'
> 1 | import { createServerClient } from "@supabase/ssr";
    | ^^^^^^^^^^^^^^^^^^^^^^^^^^^^^^^^^^^^^^^^^^^^^^^^^^^
  2 | import { NextResponse, type NextRequest } from "next/server";
  3 |
  4 | export async function middleware(request: NextRequest) {

https://nextjs.org/docs/messages/module-not-found 
[browser] ./src/middleware.ts:1:1
Error: Module not found: Can't resolve '@supabase/ssr'
> 1 | import { createServerClient } from "@supabase/ssr";
    | ^^^^^^^^^^^^^^^^^^^^^^^^^^^^^^^^^^^^^^^^^^^^^^^^^^^
  2 | import { NextResponse, type NextRequest } from "next/server";
  3 |
  4 | export async function middleware(request: NextRequest) {

https://nextjs.org/docs/messages/module-not-found 
[browser] ./src/middleware.ts:1:1
Error: Module not found: Can't resolve '@supabase/ssr'
> 1 | import { createServerClient } from "@supabase/ssr";
    | ^^^^^^^^^^^^^^^^^^^^^^^^^^^^^^^^^^^^^^^^^^^^^^^^^^^
  2 | import { NextResponse, type NextRequest } from "next/server";
  3 |
  4 | export async function middleware(request: NextRequest) {

https://nextjs.org/docs/messages/module-not-found 
[browser] ./src/middleware.ts:1:1
Error: Module not found: Can't resolve '@supabase/ssr'
> 1 | import { createServerClient } from "@supabase/ssr";
    | ^^^^^^^^^^^^^^^^^^^^^^^^^^^^^^^^^^^^^^^^^^^^^^^^^^^
  2 | import { NextResponse, type NextRequest } from "next/server";
  3 |
  4 | export async function middleware(request: NextRequest) {

https://nextjs.org/docs/messages/module-not-found 
[browser] ./src/middleware.ts:1:1
Error: Module not found: Can't resolve '@supabase/ssr'
> 1 | import { createServerClient } from "@supabase/ssr";
    | ^^^^^^^^^^^^^^^^^^^^^^^^^^^^^^^^^^^^^^^^^^^^^^^^^^^
  2 | import { NextResponse, type NextRequest } from "next/server";
  3 |
  4 | export async function middleware(request: NextRequest) {

https://nextjs.org/docs/messages/module-not-found 
[browser] ./src/middleware.ts:1:1
Error: Module not found: Can't resolve '@supabase/ssr'
> 1 | import { createServerClient } from "@supabase/ssr";
    | ^^^^^^^^^^^^^^^^^^^^^^^^^^^^^^^^^^^^^^^^^^^^^^^^^^^
  2 | import { NextResponse, type NextRequest } from "next/server";
  3 |
  4 | export async function middleware(request: NextRequest) {

https://nextjs.org/docs/messages/module-not-found 
[browser] ./src/middleware.ts:1:1
Error: Module not found: Can't resolve '@supabase/ssr'
> 1 | import { createServerClient } from "@supabase/ssr";
    | ^^^^^^^^^^^^^^^^^^^^^^^^^^^^^^^^^^^^^^^^^^^^^^^^^^^
  2 | import { NextResponse, type NextRequest } from "next/server";
  3 |
  4 | export async function middleware(request: NextRequest) {

https://nextjs.org/docs/messages/module-not-found 
[browser] ./src/middleware.ts:1:1
Error: Module not found: Can't resolve '@supabase/ssr'
> 1 | import { createServerClient } from "@supabase/ssr";
    | ^^^^^^^^^^^^^^^^^^^^^^^^^^^^^^^^^^^^^^^^^^^^^^^^^^^
  2 | import { NextResponse, type NextRequest } from "next/server";
  3 |
  4 | export async function middleware(request: NextRequest) {

https://nextjs.org/docs/messages/module-not-found 
[browser] ./src/middleware.ts:1:1
Error: Module not found: Can't resolve '@supabase/ssr'
> 1 | import { createServerClient } from "@supabase/ssr";
    | ^^^^^^^^^^^^^^^^^^^^^^^^^^^^^^^^^^^^^^^^^^^^^^^^^^^
  2 | import { NextResponse, type NextRequest } from "next/server";
  3 |
  4 | export async function middleware(request: NextRequest) {

https://nextjs.org/docs/messages/module-not-found 
[browser] ./src/middleware.ts:1:1
Error: Module not found: Can't resolve '@supabase/ssr'
> 1 | import { createServerClient } from "@supabase/ssr";
    | ^^^^^^^^^^^^^^^^^^^^^^^^^^^^^^^^^^^^^^^^^^^^^^^^^^^
  2 | import { NextResponse, type NextRequest } from "next/server";
  3 |
  4 | export async function middleware(request: NextRequest) {

https://nextjs.org/docs/messages/module-not-found 
[browser] ./src/middleware.ts:1:1
Error: Module not found: Can't resolve '@supabase/ssr'
> 1 | import { createServerClient } from "@supabase/ssr";
    | ^^^^^^^^^^^^^^^^^^^^^^^^^^^^^^^^^^^^^^^^^^^^^^^^^^^
  2 | import { NextResponse, type NextRequest } from "next/server";
  3 |
  4 | export async function middleware(request: NextRequest) {

https://nextjs.org/docs/messages/module-not-found 
[browser] ./src/middleware.ts:1:1
Error: Module not found: Can't resolve '@supabase/ssr'
> 1 | import { createServerClient } from "@supabase/ssr";
    | ^^^^^^^^^^^^^^^^^^^^^^^^^^^^^^^^^^^^^^^^^^^^^^^^^^^
  2 | import { NextResponse, type NextRequest } from "next/server";
  3 |
  4 | export async function middleware(request: NextRequest) {

https://nextjs.org/docs/messages/module-not-found 
[browser] ./src/middleware.ts:1:1
Error: Module not found: Can't resolve '@supabase/ssr'
> 1 | import { createServerClient } from "@supabase/ssr";
    | ^^^^^^^^^^^^^^^^^^^^^^^^^^^^^^^^^^^^^^^^^^^^^^^^^^^
  2 | import { NextResponse, type NextRequest } from "next/server";
  3 |
  4 | export async function middleware(request: NextRequest) {

https://nextjs.org/docs/messages/module-not-found 
[browser] ./src/middleware.ts:1:1
Error: Module not found: Can't resolve '@supabase/ssr'
> 1 | import { createServerClient } from "@supabase/ssr";
    | ^^^^^^^^^^^^^^^^^^^^^^^^^^^^^^^^^^^^^^^^^^^^^^^^^^^
  2 | import { NextResponse, type NextRequest } from "next/server";
  3 |
  4 | export async function middleware(request: NextRequest) {

https://nextjs.org/docs/messages/module-not-found 
[browser] ./src/middleware.ts:1:1
Error: Module not found: Can't resolve '@supabase/ssr'
> 1 | import { createServerClient } from "@supabase/ssr";
    | ^^^^^^^^^^^^^^^^^^^^^^^^^^^^^^^^^^^^^^^^^^^^^^^^^^^
  2 | import { NextResponse, type NextRequest } from "next/server";
  3 |
  4 | export async function middleware(request: NextRequest) {

https://nextjs.org/docs/messages/module-not-found 
[browser] ./src/middleware.ts:1:1
Error: Module not found: Can't resolve '@supabase/ssr'
> 1 | import { createServerClient } from "@supabase/ssr";
    | ^^^^^^^^^^^^^^^^^^^^^^^^^^^^^^^^^^^^^^^^^^^^^^^^^^^
  2 | import { NextResponse, type NextRequest } from "next/server";
  3 |
  4 | export async function middleware(request: NextRequest) {

https://nextjs.org/docs/messages/module-not-found 
[browser] ./src/middleware.ts:1:1
Error: Module not found: Can't resolve '@supabase/ssr'
> 1 | import { createServerClient } from "@supabase/ssr";
    | ^^^^^^^^^^^^^^^^^^^^^^^^^^^^^^^^^^^^^^^^^^^^^^^^^^^
  2 | import { NextResponse, type NextRequest } from "next/server";
  3 |
  4 | export async function middleware(request: NextRequest) {

https://nextjs.org/docs/messages/module-not-found 
[browser] ./src/middleware.ts:1:1
Error: Module not found: Can't resolve '@supabase/ssr'
> 1 | import { createServerClient } from "@supabase/ssr";
    | ^^^^^^^^^^^^^^^^^^^^^^^^^^^^^^^^^^^^^^^^^^^^^^^^^^^
  2 | import { NextResponse, type NextRequest } from "next/server";
  3 |
  4 | export async function middleware(request: NextRequest) {

https://nextjs.org/docs/messages/module-not-found 
[browser] ./src/middleware.ts:1:1
Error: Module not found: Can't resolve '@supabase/ssr'
> 1 | import { createServerClient } from "@supabase/ssr";
    | ^^^^^^^^^^^^^^^^^^^^^^^^^^^^^^^^^^^^^^^^^^^^^^^^^^^
  2 | import { NextResponse, type NextRequest } from "next/server";
  3 |
  4 | export async function middleware(request: NextRequest) {

https://nextjs.org/docs/messages/module-not-found 
[browser] ./src/middleware.ts:1:1
Error: Module not found: Can't resolve '@supabase/ssr'
> 1 | import { createServerClient } from "@supabase/ssr";
    | ^^^^^^^^^^^^^^^^^^^^^^^^^^^^^^^^^^^^^^^^^^^^^^^^^^^
  2 | import { NextResponse, type NextRequest } from "next/server";
  3 |
  4 | export async function middleware(request: NextRequest) {

https://nextjs.org/docs/messages/module-not-found 
[browser] ./src/middleware.ts:1:1
Error: Module not found: Can't resolve '@supabase/ssr'
> 1 | import { createServerClient } from "@supabase/ssr";
    | ^^^^^^^^^^^^^^^^^^^^^^^^^^^^^^^^^^^^^^^^^^^^^^^^^^^
  2 | import { NextResponse, type NextRequest } from "next/server";
  3 |
  4 | export async function middleware(request: NextRequest) {

https://nextjs.org/docs/messages/module-not-found 
[browser] ./src/middleware.ts:1:1
Error: Module not found: Can't resolve '@supabase/ssr'
> 1 | import { createServerClient } from "@supabase/ssr";
    | ^^^^^^^^^^^^^^^^^^^^^^^^^^^^^^^^^^^^^^^^^^^^^^^^^^^
  2 | import { NextResponse, type NextRequest } from "next/server";
  3 |
  4 | export async function middleware(request: NextRequest) {

https://nextjs.org/docs/messages/module-not-found 
[browser] ./src/middleware.ts:1:1
Error: Module not found: Can't resolve '@supabase/ssr'
> 1 | import { createServerClient } from "@supabase/ssr";
    | ^^^^^^^^^^^^^^^^^^^^^^^^^^^^^^^^^^^^^^^^^^^^^^^^^^^
  2 | import { NextResponse, type NextRequest } from "next/server";
  3 |
  4 | export async function middleware(request: NextRequest) {

https://nextjs.org/docs/messages/module-not-found 
[browser] ./src/middleware.ts:1:1
Error: Module not found: Can't resolve '@supabase/ssr'
> 1 | import { createServerClient } from "@supabase/ssr";
    | ^^^^^^^^^^^^^^^^^^^^^^^^^^^^^^^^^^^^^^^^^^^^^^^^^^^
  2 | import { NextResponse, type NextRequest } from "next/server";
  3 |
  4 | export async function middleware(request: NextRequest) {

https://nextjs.org/docs/messages/module-not-found 
[browser] ./src/middleware.ts:1:1
Error: Module not found: Can't resolve '@supabase/ssr'
> 1 | import { createServerClient } from "@supabase/ssr";
    | ^^^^^^^^^^^^^^^^^^^^^^^^^^^^^^^^^^^^^^^^^^^^^^^^^^^
  2 | import { NextResponse, type NextRequest } from "next/server";
  3 |
  4 | export async function middleware(request: NextRequest) {

https://nextjs.org/docs/messages/module-not-found 
[browser] ./src/middleware.ts:1:1
Error: Module not found: Can't resolve '@supabase/ssr'
> 1 | import { createServerClient } from "@supabase/ssr";
    | ^^^^^^^^^^^^^^^^^^^^^^^^^^^^^^^^^^^^^^^^^^^^^^^^^^^
  2 | import { NextResponse, type NextRequest } from "next/server";
  3 |
  4 | export async function middleware(request: NextRequest) {

https://nextjs.org/docs/messages/module-not-found 
[browser] ./src/middleware.ts:1:1
Error: Module not found: Can't resolve '@supabase/ssr'
> 1 | import { createServerClient } from "@supabase/ssr";
    | ^^^^^^^^^^^^^^^^^^^^^^^^^^^^^^^^^^^^^^^^^^^^^^^^^^^
  2 | import { NextResponse, type NextRequest } from "next/server";
  3 |
  4 | export async function middleware(request: NextRequest) {

https://nextjs.org/docs/messages/module-not-found 
[browser] ./src/middleware.ts:1:1
Error: Module not found: Can't resolve '@supabase/ssr'
> 1 | import { createServerClient } from "@supabase/ssr";
    | ^^^^^^^^^^^^^^^^^^^^^^^^^^^^^^^^^^^^^^^^^^^^^^^^^^^
  2 | import { NextResponse, type NextRequest } from "next/server";
  3 |
  4 | export async function middleware(request: NextRequest) {

https://nextjs.org/docs/messages/module-not-found 
[browser] ./src/middleware.ts:1:1
Error: Module not found: Can't resolve '@supabase/ssr'
> 1 | import { createServerClient } from "@supabase/ssr";
    | ^^^^^^^^^^^^^^^^^^^^^^^^^^^^^^^^^^^^^^^^^^^^^^^^^^^
  2 | import { NextResponse, type NextRequest } from "next/server";
  3 |
  4 | export async function middleware(request: NextRequest) {

https://nextjs.org/docs/messages/module-not-found 
[browser] ./src/middleware.ts:1:1
Error: Module not found: Can't resolve '@supabase/ssr'
> 1 | import { createServerClient } from "@supabase/ssr";
    | ^^^^^^^^^^^^^^^^^^^^^^^^^^^^^^^^^^^^^^^^^^^^^^^^^^^
  2 | import { NextResponse, type NextRequest } from "next/server";
  3 |
  4 | export async function middleware(request: NextRequest) {

https://nextjs.org/docs/messages/module-not-found 
[browser] ./src/middleware.ts:1:1
Error: Module not found: Can't resolve '@supabase/ssr'
> 1 | import { createServerClient } from "@supabase/ssr";
    | ^^^^^^^^^^^^^^^^^^^^^^^^^^^^^^^^^^^^^^^^^^^^^^^^^^^
  2 | import { NextResponse, type NextRequest } from "next/server";
  3 |
  4 | export async function middleware(request: NextRequest) {

https://nextjs.org/docs/messages/module-not-found 
[browser] ./src/middleware.ts:1:1
Error: Module not found: Can't resolve '@supabase/ssr'
> 1 | import { createServerClient } from "@supabase/ssr";
    | ^^^^^^^^^^^^^^^^^^^^^^^^^^^^^^^^^^^^^^^^^^^^^^^^^^^
  2 | import { NextResponse, type NextRequest } from "next/server";
  3 |
  4 | export async function middleware(request: NextRequest) {

https://nextjs.org/docs/messages/module-not-found 
[browser] ./src/middleware.ts:1:1
Error: Module not found: Can't resolve '@supabase/ssr'
> 1 | import { createServerClient } from "@supabase/ssr";
    | ^^^^^^^^^^^^^^^^^^^^^^^^^^^^^^^^^^^^^^^^^^^^^^^^^^^
  2 | import { NextResponse, type NextRequest } from "next/server";
  3 |
  4 | export async function middleware(request: NextRequest) {

https://nextjs.org/docs/messages/module-not-found 
[browser] ./src/middleware.ts:1:1
Error: Module not found: Can't resolve '@supabase/ssr'
> 1 | import { createServerClient } from "@supabase/ssr";
    | ^^^^^^^^^^^^^^^^^^^^^^^^^^^^^^^^^^^^^^^^^^^^^^^^^^^
  2 | import { NextResponse, type NextRequest } from "next/server";
  3 |
  4 | export async function middleware(request: NextRequest) {

https://nextjs.org/docs/messages/module-not-found 
[browser] ./src/middleware.ts:1:1
Error: Module not found: Can't resolve '@supabase/ssr'
> 1 | import { createServerClient } from "@supabase/ssr";
    | ^^^^^^^^^^^^^^^^^^^^^^^^^^^^^^^^^^^^^^^^^^^^^^^^^^^
  2 | import { NextResponse, type NextRequest } from "next/server";
  3 |
  4 | export async function middleware(request: NextRequest) {

https://nextjs.org/docs/messages/module-not-found 
[browser] ./src/middleware.ts:1:1
Error: Module not found: Can't resolve '@supabase/ssr'
> 1 | import { createServerClient } from "@supabase/ssr";
    | ^^^^^^^^^^^^^^^^^^^^^^^^^^^^^^^^^^^^^^^^^^^^^^^^^^^
  2 | import { NextResponse, type NextRequest } from "next/server";
  3 |
  4 | export async function middleware(request: NextRequest) {

https://nextjs.org/docs/messages/module-not-found 
[browser] ./src/middleware.ts:1:1
Error: Module not found: Can't resolve '@supabase/ssr'
> 1 | import { createServerClient } from "@supabase/ssr";
    | ^^^^^^^^^^^^^^^^^^^^^^^^^^^^^^^^^^^^^^^^^^^^^^^^^^^
  2 | import { NextResponse, type NextRequest } from "next/server";
  3 |
  4 | export async function middleware(request: NextRequest) {

https://nextjs.org/docs/messages/module-not-found 
[browser] ./src/middleware.ts:1:1
Error: Module not found: Can't resolve '@supabase/ssr'
> 1 | import { createServerClient } from "@supabase/ssr";
    | ^^^^^^^^^^^^^^^^^^^^^^^^^^^^^^^^^^^^^^^^^^^^^^^^^^^
  2 | import { NextResponse, type NextRequest } from "next/server";
  3 |
  4 | export async function middleware(request: NextRequest) {

https://nextjs.org/docs/messages/module-not-found 
[browser] ./src/middleware.ts:1:1
Error: Module not found: Can't resolve '@supabase/ssr'
> 1 | import { createServerClient } from "@supabase/ssr";
    | ^^^^^^^^^^^^^^^^^^^^^^^^^^^^^^^^^^^^^^^^^^^^^^^^^^^
  2 | import { NextResponse, type NextRequest } from "next/server";
  3 |
  4 | export async function middleware(request: NextRequest) {

https://nextjs.org/docs/messages/module-not-found 
[browser] ./src/middleware.ts:1:1
Error: Module not found: Can't resolve '@supabase/ssr'
> 1 | import { createServerClient } from "@supabase/ssr";
    | ^^^^^^^^^^^^^^^^^^^^^^^^^^^^^^^^^^^^^^^^^^^^^^^^^^^
  2 | import { NextResponse, type NextRequest } from "next/server";
  3 |
  4 | export async function middleware(request: NextRequest) {

https://nextjs.org/docs/messages/module-not-found 
[browser] ./src/middleware.ts:1:1
Error: Module not found: Can't resolve '@supabase/ssr'
> 1 | import { createServerClient } from "@supabase/ssr";
    | ^^^^^^^^^^^^^^^^^^^^^^^^^^^^^^^^^^^^^^^^^^^^^^^^^^^
  2 | import { NextResponse, type NextRequest } from "next/server";
  3 |
  4 | export async function middleware(request: NextRequest) {

https://nextjs.org/docs/messages/module-not-found 
[browser] ./src/middleware.ts:1:1
Error: Module not found: Can't resolve '@supabase/ssr'
> 1 | import { createServerClient } from "@supabase/ssr";
    | ^^^^^^^^^^^^^^^^^^^^^^^^^^^^^^^^^^^^^^^^^^^^^^^^^^^
  2 | import { NextResponse, type NextRequest } from "next/server";
  3 |
  4 | export async function middleware(request: NextRequest) {

https://nextjs.org/docs/messages/module-not-found 
[browser] ./src/middleware.ts:1:1
Error: Module not found: Can't resolve '@supabase/ssr'
> 1 | import { createServerClient } from "@supabase/ssr";
    | ^^^^^^^^^^^^^^^^^^^^^^^^^^^^^^^^^^^^^^^^^^^^^^^^^^^
  2 | import { NextResponse, type NextRequest } from "next/server";
  3 |
  4 | export async function middleware(request: NextRequest) {

https://nextjs.org/docs/messages/module-not-found 
[browser] ./src/middleware.ts:1:1
Error: Module not found: Can't resolve '@supabase/ssr'
> 1 | import { createServerClient } from "@supabase/ssr";
    | ^^^^^^^^^^^^^^^^^^^^^^^^^^^^^^^^^^^^^^^^^^^^^^^^^^^
  2 | import { NextResponse, type NextRequest } from "next/server";
  3 |
  4 | export async function middleware(request: NextRequest) {

https://nextjs.org/docs/messages/module-not-found 
[browser] ./src/middleware.ts:1:1
Error: Module not found: Can't resolve '@supabase/ssr'
> 1 | import { createServerClient } from "@supabase/ssr";
    | ^^^^^^^^^^^^^^^^^^^^^^^^^^^^^^^^^^^^^^^^^^^^^^^^^^^
  2 | import { NextResponse, type NextRequest } from "next/server";
  3 |
  4 | export async function middleware(request: NextRequest) {

https://nextjs.org/docs/messages/module-not-found 
[browser] ./src/middleware.ts:1:1
Error: Module not found: Can't resolve '@supabase/ssr'
> 1 | import { createServerClient } from "@supabase/ssr";
    | ^^^^^^^^^^^^^^^^^^^^^^^^^^^^^^^^^^^^^^^^^^^^^^^^^^^
  2 | import { NextResponse, type NextRequest } from "next/server";
  3 |
  4 | export async function middleware(request: NextRequest) {

https://nextjs.org/docs/messages/module-not-found 
[browser] ./src/middleware.ts:1:1
Error: Module not found: Can't resolve '@supabase/ssr'
> 1 | import { createServerClient } from "@supabase/ssr";
    | ^^^^^^^^^^^^^^^^^^^^^^^^^^^^^^^^^^^^^^^^^^^^^^^^^^^
  2 | import { NextResponse, type NextRequest } from "next/server";
  3 |
  4 | export async function middleware(request: NextRequest) {

https://nextjs.org/docs/messages/module-not-found 
[browser] ./src/middleware.ts:1:1
Error: Module not found: Can't resolve '@supabase/ssr'
> 1 | import { createServerClient } from "@supabase/ssr";
    | ^^^^^^^^^^^^^^^^^^^^^^^^^^^^^^^^^^^^^^^^^^^^^^^^^^^
  2 | import { NextResponse, type NextRequest } from "next/server";
  3 |
  4 | export async function middleware(request: NextRequest) {

https://nextjs.org/docs/messages/module-not-found 
[browser] ./src/middleware.ts:1:1
Error: Module not found: Can't resolve '@supabase/ssr'
> 1 | import { createServerClient } from "@supabase/ssr";
    | ^^^^^^^^^^^^^^^^^^^^^^^^^^^^^^^^^^^^^^^^^^^^^^^^^^^
  2 | import { NextResponse, type NextRequest } from "next/server";
  3 |
  4 | export async function middleware(request: NextRequest) {

https://nextjs.org/docs/messages/module-not-found 
[browser] ./src/middleware.ts:1:1
Error: Module not found: Can't resolve '@supabase/ssr'
> 1 | import { createServerClient } from "@supabase/ssr";
    | ^^^^^^^^^^^^^^^^^^^^^^^^^^^^^^^^^^^^^^^^^^^^^^^^^^^
  2 | import { NextResponse, type NextRequest } from "next/server";
  3 |
  4 | export async function middleware(request: NextRequest) {

https://nextjs.org/docs/messages/module-not-found 
[browser] ./src/middleware.ts:1:1
Error: Module not found: Can't resolve '@supabase/ssr'
> 1 | import { createServerClient } from "@supabase/ssr";
    | ^^^^^^^^^^^^^^^^^^^^^^^^^^^^^^^^^^^^^^^^^^^^^^^^^^^
  2 | import { NextResponse, type NextRequest } from "next/server";
  3 |
  4 | export async function middleware(request: NextRequest) {

https://nextjs.org/docs/messages/module-not-found 
[browser] ./src/middleware.ts:1:1
Error: Module not found: Can't resolve '@supabase/ssr'
> 1 | import { createServerClient } from "@supabase/ssr";
    | ^^^^^^^^^^^^^^^^^^^^^^^^^^^^^^^^^^^^^^^^^^^^^^^^^^^
  2 | import { NextResponse, type NextRequest } from "next/server";
  3 |
  4 | export async function middleware(request: NextRequest) {

https://nextjs.org/docs/messages/module-not-found 
[browser] ./src/middleware.ts:1:1
Error: Module not found: Can't resolve '@supabase/ssr'
> 1 | import { createServerClient } from "@supabase/ssr";
    | ^^^^^^^^^^^^^^^^^^^^^^^^^^^^^^^^^^^^^^^^^^^^^^^^^^^
  2 | import { NextResponse, type NextRequest } from "next/server";
  3 |
  4 | export async function middleware(request: NextRequest) {

https://nextjs.org/docs/messages/module-not-found 
[browser] ./src/middleware.ts:1:1
Error: Module not found: Can't resolve '@supabase/ssr'
> 1 | import { createServerClient } from "@supabase/ssr";
    | ^^^^^^^^^^^^^^^^^^^^^^^^^^^^^^^^^^^^^^^^^^^^^^^^^^^
  2 | import { NextResponse, type NextRequest } from "next/server";
  3 |
  4 | export async function middleware(request: NextRequest) {

https://nextjs.org/docs/messages/module-not-found 
[browser] ./src/middleware.ts:1:1
Error: Module not found: Can't resolve '@supabase/ssr'
> 1 | import { createServerClient } from "@supabase/ssr";
    | ^^^^^^^^^^^^^^^^^^^^^^^^^^^^^^^^^^^^^^^^^^^^^^^^^^^
  2 | import { NextResponse, type NextRequest } from "next/server";
  3 |
  4 | export async function middleware(request: NextRequest) {

https://nextjs.org/docs/messages/module-not-found 
[browser] ./src/middleware.ts:1:1
Error: Module not found: Can't resolve '@supabase/ssr'
> 1 | import { createServerClient } from "@supabase/ssr";
    | ^^^^^^^^^^^^^^^^^^^^^^^^^^^^^^^^^^^^^^^^^^^^^^^^^^^
  2 | import { NextResponse, type NextRequest } from "next/server";
  3 |
  4 | export async function middleware(request: NextRequest) {

https://nextjs.org/docs/messages/module-not-found 
[browser] ./src/middleware.ts:1:1
Error: Module not found: Can't resolve '@supabase/ssr'
> 1 | import { createServerClient } from "@supabase/ssr";
    | ^^^^^^^^^^^^^^^^^^^^^^^^^^^^^^^^^^^^^^^^^^^^^^^^^^^
  2 | import { NextResponse, type NextRequest } from "next/server";
  3 |
  4 | export async function middleware(request: NextRequest) {

https://nextjs.org/docs/messages/module-not-found 
[browser] ./src/middleware.ts:1:1
Error: Module not found: Can't resolve '@supabase/ssr'
> 1 | import { createServerClient } from "@supabase/ssr";
    | ^^^^^^^^^^^^^^^^^^^^^^^^^^^^^^^^^^^^^^^^^^^^^^^^^^^
  2 | import { NextResponse, type NextRequest } from "next/server";
  3 |
  4 | export async function middleware(request: NextRequest) {

https://nextjs.org/docs/messages/module-not-found 
[browser] ./src/middleware.ts:1:1
Error: Module not found: Can't resolve '@supabase/ssr'
> 1 | import { createServerClient } from "@supabase/ssr";
    | ^^^^^^^^^^^^^^^^^^^^^^^^^^^^^^^^^^^^^^^^^^^^^^^^^^^
  2 | import { NextResponse, type NextRequest } from "next/server";
  3 |
  4 | export async function middleware(request: NextRequest) {

https://nextjs.org/docs/messages/module-not-found 
[browser] ./src/middleware.ts:1:1
Error: Module not found: Can't resolve '@supabase/ssr'
> 1 | import { createServerClient } from "@supabase/ssr";
    | ^^^^^^^^^^^^^^^^^^^^^^^^^^^^^^^^^^^^^^^^^^^^^^^^^^^
  2 | import { NextResponse, type NextRequest } from "next/server";
  3 |
  4 | export async function middleware(request: NextRequest) {

https://nextjs.org/docs/messages/module-not-found 
[browser] ./src/middleware.ts:1:1
Error: Module not found: Can't resolve '@supabase/ssr'
> 1 | import { createServerClient } from "@supabase/ssr";
    | ^^^^^^^^^^^^^^^^^^^^^^^^^^^^^^^^^^^^^^^^^^^^^^^^^^^
  2 | import { NextResponse, type NextRequest } from "next/server";
  3 |
  4 | export async function middleware(request: NextRequest) {

https://nextjs.org/docs/messages/module-not-found 
[browser] ./src/middleware.ts:1:1
Error: Module not found: Can't resolve '@supabase/ssr'
> 1 | import { createServerClient } from "@supabase/ssr";
    | ^^^^^^^^^^^^^^^^^^^^^^^^^^^^^^^^^^^^^^^^^^^^^^^^^^^
  2 | import { NextResponse, type NextRequest } from "next/server";
  3 |
  4 | export async function middleware(request: NextRequest) {

https://nextjs.org/docs/messages/module-not-found 
⨯ Error: Cannot find module '@supabase/ssr'
    at <unknown> (.next\dev\server\edge\chunks\[root-of-the-server]__13jvavz._.js:24:15)
    at module evaluation (.next\dev\server\edge\chunks\[root-of-the-server]__13jvavz._.js:27:3)
[browser] ./src/middleware.ts:1:1
Error: Module not found: Can't resolve '@supabase/ssr'
> 1 | import { createServerClient } from "@supabase/ssr";
    | ^^^^^^^^^^^^^^^^^^^^^^^^^^^^^^^^^^^^^^^^^^^^^^^^^^^
  2 | import { NextResponse, type NextRequest } from "next/server";
  3 |
  4 | export async function middleware(request: NextRequest) {

https://nextjs.org/docs/messages/module-not-found 
[browser] ./src/middleware.ts:1:1
Error: Module not found: Can't resolve '@supabase/ssr'
> 1 | import { createServerClient } from "@supabase/ssr";
    | ^^^^^^^^^^^^^^^^^^^^^^^^^^^^^^^^^^^^^^^^^^^^^^^^^^^
  2 | import { NextResponse, type NextRequest } from "next/server";
  3 |
  4 | export async function middleware(request: NextRequest) {

https://nextjs.org/docs/messages/module-not-found 
[browser] ./src/middleware.ts:1:1
Error: Module not found: Can't resolve '@supabase/ssr'
> 1 | import { createServerClient } from "@supabase/ssr";
    | ^^^^^^^^^^^^^^^^^^^^^^^^^^^^^^^^^^^^^^^^^^^^^^^^^^^
  2 | import { NextResponse, type NextRequest } from "next/server";
  3 |
  4 | export async function middleware(request: NextRequest) {

https://nextjs.org/docs/messages/module-not-found 
[browser] ./src/middleware.ts:1:1
Error: Module not found: Can't resolve '@supabase/ssr'
> 1 | import { createServerClient } from "@supabase/ssr";
    | ^^^^^^^^^^^^^^^^^^^^^^^^^^^^^^^^^^^^^^^^^^^^^^^^^^^
  2 | import { NextResponse, type NextRequest } from "next/server";
  3 |
  4 | export async function middleware(request: NextRequest) {

https://nextjs.org/docs/messages/module-not-found 
[browser] ./src/middleware.ts:1:1
Error: Module not found: Can't resolve '@supabase/ssr'
> 1 | import { createServerClient } from "@supabase/ssr";
    | ^^^^^^^^^^^^^^^^^^^^^^^^^^^^^^^^^^^^^^^^^^^^^^^^^^^
  2 | import { NextResponse, type NextRequest } from "next/server";
  3 |
  4 | export async function middleware(request: NextRequest) {

https://nextjs.org/docs/messages/module-not-found 
[browser] ./src/middleware.ts:1:1
Error: Module not found: Can't resolve '@supabase/ssr'
> 1 | import { createServerClient } from "@supabase/ssr";
    | ^^^^^^^^^^^^^^^^^^^^^^^^^^^^^^^^^^^^^^^^^^^^^^^^^^^
  2 | import { NextResponse, type NextRequest } from "next/server";
  3 |
  4 | export async function middleware(request: NextRequest) {

https://nextjs.org/docs/messages/module-not-found 
[browser] ./src/middleware.ts:1:1
Error: Module not found: Can't resolve '@supabase/ssr'
> 1 | import { createServerClient } from "@supabase/ssr";
    | ^^^^^^^^^^^^^^^^^^^^^^^^^^^^^^^^^^^^^^^^^^^^^^^^^^^
  2 | import { NextResponse, type NextRequest } from "next/server";
  3 |
  4 | export async function middleware(request: NextRequest) {

https://nextjs.org/docs/messages/module-not-found 
[browser] ./src/middleware.ts:1:1
Error: Module not found: Can't resolve '@supabase/ssr'
> 1 | import { createServerClient } from "@supabase/ssr";
    | ^^^^^^^^^^^^^^^^^^^^^^^^^^^^^^^^^^^^^^^^^^^^^^^^^^^
  2 | import { NextResponse, type NextRequest } from "next/server";
  3 |
  4 | export async function middleware(request: NextRequest) {

https://nextjs.org/docs/messages/module-not-found 
[browser] ./src/middleware.ts:1:1
Error: Module not found: Can't resolve '@supabase/ssr'
> 1 | import { createServerClient } from "@supabase/ssr";
    | ^^^^^^^^^^^^^^^^^^^^^^^^^^^^^^^^^^^^^^^^^^^^^^^^^^^
  2 | import { NextResponse, type NextRequest } from "next/server";
  3 |
  4 | export async function middleware(request: NextRequest) {

https://nextjs.org/docs/messages/module-not-found 
[browser] ./src/middleware.ts:1:1
Error: Module not found: Can't resolve '@supabase/ssr'
> 1 | import { createServerClient } from "@supabase/ssr";
    | ^^^^^^^^^^^^^^^^^^^^^^^^^^^^^^^^^^^^^^^^^^^^^^^^^^^
  2 | import { NextResponse, type NextRequest } from "next/server";
  3 |
  4 | export async function middleware(request: NextRequest) {

https://nextjs.org/docs/messages/module-not-found 
[browser] ./src/middleware.ts:1:1
Error: Module not found: Can't resolve '@supabase/ssr'
> 1 | import { createServerClient } from "@supabase/ssr";
    | ^^^^^^^^^^^^^^^^^^^^^^^^^^^^^^^^^^^^^^^^^^^^^^^^^^^
  2 | import { NextResponse, type NextRequest } from "next/server";
  3 |
  4 | export async function middleware(request: NextRequest) {

https://nextjs.org/docs/messages/module-not-found 
[browser] ./src/middleware.ts:1:1
Error: Module not found: Can't resolve '@supabase/ssr'
> 1 | import { createServerClient } from "@supabase/ssr";
    | ^^^^^^^^^^^^^^^^^^^^^^^^^^^^^^^^^^^^^^^^^^^^^^^^^^^
  2 | import { NextResponse, type NextRequest } from "next/server";
  3 |
  4 | export async function middleware(request: NextRequest) {

https://nextjs.org/docs/messages/module-not-found 
[browser] ./src/middleware.ts:1:1
Error: Module not found: Can't resolve '@supabase/ssr'
> 1 | import { createServerClient } from "@supabase/ssr";
    | ^^^^^^^^^^^^^^^^^^^^^^^^^^^^^^^^^^^^^^^^^^^^^^^^^^^
  2 | import { NextResponse, type NextRequest } from "next/server";
  3 |
  4 | export async function middleware(request: NextRequest) {

https://nextjs.org/docs/messages/module-not-found 
[browser] ./src/middleware.ts:1:1
Error: Module not found: Can't resolve '@supabase/ssr'
> 1 | import { createServerClient } from "@supabase/ssr";
    | ^^^^^^^^^^^^^^^^^^^^^^^^^^^^^^^^^^^^^^^^^^^^^^^^^^^
  2 | import { NextResponse, type NextRequest } from "next/server";
  3 |
  4 | export async function middleware(request: NextRequest) {

https://nextjs.org/docs/messages/module-not-found 
[browser] ./src/middleware.ts:1:1
Error: Module not found: Can't resolve '@supabase/ssr'
> 1 | import { createServerClient } from "@supabase/ssr";
    | ^^^^^^^^^^^^^^^^^^^^^^^^^^^^^^^^^^^^^^^^^^^^^^^^^^^
  2 | import { NextResponse, type NextRequest } from "next/server";
  3 |
  4 | export async function middleware(request: NextRequest) {

https://nextjs.org/docs/messages/module-not-found 
[browser] ./src/middleware.ts:1:1
Error: Module not found: Can't resolve '@supabase/ssr'
> 1 | import { createServerClient } from "@supabase/ssr";
    | ^^^^^^^^^^^^^^^^^^^^^^^^^^^^^^^^^^^^^^^^^^^^^^^^^^^
  2 | import { NextResponse, type NextRequest } from "next/server";
  3 |
  4 | export async function middleware(request: NextRequest) {

https://nextjs.org/docs/messages/module-not-found 
[browser] ./src/middleware.ts:1:1
Error: Module not found: Can't resolve '@supabase/ssr'
> 1 | import { createServerClient } from "@supabase/ssr";
    | ^^^^^^^^^^^^^^^^^^^^^^^^^^^^^^^^^^^^^^^^^^^^^^^^^^^
  2 | import { NextResponse, type NextRequest } from "next/server";
  3 |
  4 | export async function middleware(request: NextRequest) {

https://nextjs.org/docs/messages/module-not-found 
[browser] ./src/middleware.ts:1:1
Error: Module not found: Can't resolve '@supabase/ssr'
> 1 | import { createServerClient } from "@supabase/ssr";
    | ^^^^^^^^^^^^^^^^^^^^^^^^^^^^^^^^^^^^^^^^^^^^^^^^^^^
  2 | import { NextResponse, type NextRequest } from "next/server";
  3 |
  4 | export async function middleware(request: NextRequest) {

https://nextjs.org/docs/messages/module-not-found 
[browser] ./src/middleware.ts:1:1
Error: Module not found: Can't resolve '@supabase/ssr'
> 1 | import { createServerClient } from "@supabase/ssr";
    | ^^^^^^^^^^^^^^^^^^^^^^^^^^^^^^^^^^^^^^^^^^^^^^^^^^^
  2 | import { NextResponse, type NextRequest } from "next/server";
  3 |
  4 | export async function middleware(request: NextRequest) {

https://nextjs.org/docs/messages/module-not-found 
[browser] ./src/middleware.ts:1:1
Error: Module not found: Can't resolve '@supabase/ssr'
> 1 | import { createServerClient } from "@supabase/ssr";
    | ^^^^^^^^^^^^^^^^^^^^^^^^^^^^^^^^^^^^^^^^^^^^^^^^^^^
  2 | import { NextResponse, type NextRequest } from "next/server";
  3 |
  4 | export async function middleware(request: NextRequest) {

https://nextjs.org/docs/messages/module-not-found 
[browser] ./src/middleware.ts:1:1
Error: Module not found: Can't resolve '@supabase/ssr'
> 1 | import { createServerClient } from "@supabase/ssr";
    | ^^^^^^^^^^^^^^^^^^^^^^^^^^^^^^^^^^^^^^^^^^^^^^^^^^^
  2 | import { NextResponse, type NextRequest } from "next/server";
  3 |
  4 | export async function middleware(request: NextRequest) {

https://nextjs.org/docs/messages/module-not-found 
[browser] ./src/middleware.ts:1:1
Error: Module not found: Can't resolve '@supabase/ssr'
> 1 | import { createServerClient } from "@supabase/ssr";
    | ^^^^^^^^^^^^^^^^^^^^^^^^^^^^^^^^^^^^^^^^^^^^^^^^^^^
  2 | import { NextResponse, type NextRequest } from "next/server";
  3 |
  4 | export async function middleware(request: NextRequest) {

https://nextjs.org/docs/messages/module-not-found 
[browser] ./src/middleware.ts:1:1
Error: Module not found: Can't resolve '@supabase/ssr'
> 1 | import { createServerClient } from "@supabase/ssr";
    | ^^^^^^^^^^^^^^^^^^^^^^^^^^^^^^^^^^^^^^^^^^^^^^^^^^^
  2 | import { NextResponse, type NextRequest } from "next/server";
  3 |
  4 | export async function middleware(request: NextRequest) {

https://nextjs.org/docs/messages/module-not-found 
[browser] ./src/middleware.ts:1:1
Error: Module not found: Can't resolve '@supabase/ssr'
> 1 | import { createServerClient } from "@supabase/ssr";
    | ^^^^^^^^^^^^^^^^^^^^^^^^^^^^^^^^^^^^^^^^^^^^^^^^^^^
  2 | import { NextResponse, type NextRequest } from "next/server";
  3 |
  4 | export async function middleware(request: NextRequest) {

https://nextjs.org/docs/messages/module-not-found 
 GET /analytics 500 in 2.1s (next.js: -124.1ms, proxy.ts: 2.0s, application-code: 220ms)
[browser] Uncaught Error: ./src/middleware.ts:1:1
Error: Module not found: Can't resolve '@supabase/ssr'
> 1 | import { createServerClient } from "@supabase/ssr";
    | ^^^^^^^^^^^^^^^^^^^^^^^^^^^^^^^^^^^^^^^^^^^^^^^^^^^
  2 | import { NextResponse, type NextRequest } from "next/server";
  3 |
  4 | export async function middleware(request: NextRequest) {



https://nextjs.org/docs/messages/module-not-found


    at <unknown> (Error: ./src/middleware.ts:1:1)
    at <unknown> (https://nextjs.org/docs/messages/module-not-found)
    at <unknown> (Error: (./src/middleware.ts:1:1)
    at <unknown> (https://nextjs.org/docs/messages/module-not-found)
[browser] ./src/middleware.ts:1:1
Error: Module not found: Can't resolve '@supabase/ssr'
> 1 | import { createServerClient } from "@supabase/ssr";
    | ^^^^^^^^^^^^^^^^^^^^^^^^^^^^^^^^^^^^^^^^^^^^^^^^^^^
  2 | import { NextResponse, type NextRequest } from "next/server";
  3 |
  4 | export async function middleware(request: NextRequest) {

https://nextjs.org/docs/messages/module-not-found 
[browser] ./src/middleware.ts:1:1
Error: Module not found: Can't resolve '@supabase/ssr'
> 1 | import { createServerClient } from "@supabase/ssr";
    | ^^^^^^^^^^^^^^^^^^^^^^^^^^^^^^^^^^^^^^^^^^^^^^^^^^^
  2 | import { NextResponse, type NextRequest } from "next/server";
  3 |
  4 | export async function middleware(request: NextRequest) {

https://nextjs.org/docs/messages/module-not-found 
[browser] ./src/middleware.ts:1:1
Error: Module not found: Can't resolve '@supabase/ssr'
> 1 | import { createServerClient } from "@supabase/ssr";
    | ^^^^^^^^^^^^^^^^^^^^^^^^^^^^^^^^^^^^^^^^^^^^^^^^^^^
  2 | import { NextResponse, type NextRequest } from "next/server";
  3 |
  4 | export async function middleware(request: NextRequest) {

https://nextjs.org/docs/messages/module-not-found 
[browser] ./src/middleware.ts:1:1
Error: Module not found: Can't resolve '@supabase/ssr'
> 1 | import { createServerClient } from "@supabase/ssr";
    | ^^^^^^^^^^^^^^^^^^^^^^^^^^^^^^^^^^^^^^^^^^^^^^^^^^^
  2 | import { NextResponse, type NextRequest } from "next/server";
  3 |
  4 | export async function middleware(request: NextRequest) {

https://nextjs.org/docs/messages/module-not-found 
[browser] ./src/middleware.ts:1:1
Error: Module not found: Can't resolve '@supabase/ssr'
> 1 | import { createServerClient } from "@supabase/ssr";
    | ^^^^^^^^^^^^^^^^^^^^^^^^^^^^^^^^^^^^^^^^^^^^^^^^^^^
  2 | import { NextResponse, type NextRequest } from "next/server";
  3 |
  4 | export async function middleware(request: NextRequest) {

https://nextjs.org/docs/messages/module-not-found 
[browser] ./src/middleware.ts:1:1
Error: Module not found: Can't resolve '@supabase/ssr'
> 1 | import { createServerClient } from "@supabase/ssr";
    | ^^^^^^^^^^^^^^^^^^^^^^^^^^^^^^^^^^^^^^^^^^^^^^^^^^^
  2 | import { NextResponse, type NextRequest } from "next/server";
  3 |
  4 | export async function middleware(request: NextRequest) {

https://nextjs.org/docs/messages/module-not-found 
[browser] ./src/middleware.ts:1:1
Error: Module not found: Can't resolve '@supabase/ssr'
> 1 | import { createServerClient } from "@supabase/ssr";
    | ^^^^^^^^^^^^^^^^^^^^^^^^^^^^^^^^^^^^^^^^^^^^^^^^^^^
  2 | import { NextResponse, type NextRequest } from "next/server";
  3 |
  4 | export async function middleware(request: NextRequest) {

https://nextjs.org/docs/messages/module-not-found 
[browser] ./src/middleware.ts:1:1
Error: Module not found: Can't resolve '@supabase/ssr'
> 1 | import { createServerClient } from "@supabase/ssr";
    | ^^^^^^^^^^^^^^^^^^^^^^^^^^^^^^^^^^^^^^^^^^^^^^^^^^^
  2 | import { NextResponse, type NextRequest } from "next/server";
  3 |
  4 | export async function middleware(request: NextRequest) {

https://nextjs.org/docs/messages/module-not-found 
[browser] ./src/middleware.ts:1:1
Error: Module not found: Can't resolve '@supabase/ssr'
> 1 | import { createServerClient } from "@supabase/ssr";
    | ^^^^^^^^^^^^^^^^^^^^^^^^^^^^^^^^^^^^^^^^^^^^^^^^^^^
  2 | import { NextResponse, type NextRequest } from "next/server";
  3 |
  4 | export async function middleware(request: NextRequest) {

https://nextjs.org/docs/messages/module-not-found 
[browser] ./src/middleware.ts:1:1
Error: Module not found: Can't resolve '@supabase/ssr'
> 1 | import { createServerClient } from "@supabase/ssr";
    | ^^^^^^^^^^^^^^^^^^^^^^^^^^^^^^^^^^^^^^^^^^^^^^^^^^^
  2 | import { NextResponse, type NextRequest } from "next/server";
  3 |
  4 | export async function middleware(request: NextRequest) {

https://nextjs.org/docs/messages/module-not-found 
[browser] ./src/middleware.ts:1:1
Error: Module not found: Can't resolve '@supabase/ssr'
> 1 | import { createServerClient } from "@supabase/ssr";
    | ^^^^^^^^^^^^^^^^^^^^^^^^^^^^^^^^^^^^^^^^^^^^^^^^^^^
  2 | import { NextResponse, type NextRequest } from "next/server";
  3 |
  4 | export async function middleware(request: NextRequest) {

https://nextjs.org/docs/messages/module-not-found 
[browser] ./src/middleware.ts:1:1
Error: Module not found: Can't resolve '@supabase/ssr'
> 1 | import { createServerClient } from "@supabase/ssr";
    | ^^^^^^^^^^^^^^^^^^^^^^^^^^^^^^^^^^^^^^^^^^^^^^^^^^^
  2 | import { NextResponse, type NextRequest } from "next/server";
  3 |
  4 | export async function middleware(request: NextRequest) {

https://nextjs.org/docs/messages/module-not-found 
[browser] ./src/middleware.ts:1:1
Error: Module not found: Can't resolve '@supabase/ssr'
> 1 | import { createServerClient } from "@supabase/ssr";
    | ^^^^^^^^^^^^^^^^^^^^^^^^^^^^^^^^^^^^^^^^^^^^^^^^^^^
  2 | import { NextResponse, type NextRequest } from "next/server";
  3 |
  4 | export async function middleware(request: NextRequest) {

https://nextjs.org/docs/messages/module-not-found 
[browser] ./src/middleware.ts:1:1
Error: Module not found: Can't resolve '@supabase/ssr'
> 1 | import { createServerClient } from "@supabase/ssr";
    | ^^^^^^^^^^^^^^^^^^^^^^^^^^^^^^^^^^^^^^^^^^^^^^^^^^^
  2 | import { NextResponse, type NextRequest } from "next/server";
  3 |
  4 | export async function middleware(request: NextRequest) {

https://nextjs.org/docs/messages/module-not-found 
[browser] ./src/middleware.ts:1:1
Error: Module not found: Can't resolve '@supabase/ssr'
> 1 | import { createServerClient } from "@supabase/ssr";
    | ^^^^^^^^^^^^^^^^^^^^^^^^^^^^^^^^^^^^^^^^^^^^^^^^^^^
  2 | import { NextResponse, type NextRequest } from "next/server";
  3 |
  4 | export async function middleware(request: NextRequest) {

https://nextjs.org/docs/messages/module-not-found 
[browser] ./src/middleware.ts:1:1
Error: Module not found: Can't resolve '@supabase/ssr'
> 1 | import { createServerClient } from "@supabase/ssr";
    | ^^^^^^^^^^^^^^^^^^^^^^^^^^^^^^^^^^^^^^^^^^^^^^^^^^^
  2 | import { NextResponse, type NextRequest } from "next/server";
  3 |
  4 | export async function middleware(request: NextRequest) {

https://nextjs.org/docs/messages/module-not-found 
[browser] ./src/middleware.ts:1:1
Error: Module not found: Can't resolve '@supabase/ssr'
> 1 | import { createServerClient } from "@supabase/ssr";
    | ^^^^^^^^^^^^^^^^^^^^^^^^^^^^^^^^^^^^^^^^^^^^^^^^^^^
  2 | import { NextResponse, type NextRequest } from "next/server";
  3 |
  4 | export async function middleware(request: NextRequest) {

https://nextjs.org/docs/messages/module-not-found 
[browser] ./src/middleware.ts:1:1
Error: Module not found: Can't resolve '@supabase/ssr'
> 1 | import { createServerClient } from "@supabase/ssr";
    | ^^^^^^^^^^^^^^^^^^^^^^^^^^^^^^^^^^^^^^^^^^^^^^^^^^^
  2 | import { NextResponse, type NextRequest } from "next/server";
  3 |
  4 | export async function middleware(request: NextRequest) {

https://nextjs.org/docs/messages/module-not-found 
[browser] ./src/middleware.ts:1:1
Error: Module not found: Can't resolve '@supabase/ssr'
> 1 | import { createServerClient } from "@supabase/ssr";
    | ^^^^^^^^^^^^^^^^^^^^^^^^^^^^^^^^^^^^^^^^^^^^^^^^^^^
  2 | import { NextResponse, type NextRequest } from "next/server";
  3 |
  4 | export async function middleware(request: NextRequest) {

https://nextjs.org/docs/messages/module-not-found 
[browser] ./src/middleware.ts:1:1
Error: Module not found: Can't resolve '@supabase/ssr'
> 1 | import { createServerClient } from "@supabase/ssr";
    | ^^^^^^^^^^^^^^^^^^^^^^^^^^^^^^^^^^^^^^^^^^^^^^^^^^^
  2 | import { NextResponse, type NextRequest } from "next/server";
  3 |
  4 | export async function middleware(request: NextRequest) {

https://nextjs.org/docs/messages/module-not-found 
[browser] ./src/middleware.ts:1:1
Error: Module not found: Can't resolve '@supabase/ssr'
> 1 | import { createServerClient } from "@supabase/ssr";
    | ^^^^^^^^^^^^^^^^^^^^^^^^^^^^^^^^^^^^^^^^^^^^^^^^^^^
  2 | import { NextResponse, type NextRequest } from "next/server";
  3 |
  4 | export async function middleware(request: NextRequest) {

https://nextjs.org/docs/messages/module-not-found 
[browser] ./src/middleware.ts:1:1
Error: Module not found: Can't resolve '@supabase/ssr'
> 1 | import { createServerClient } from "@supabase/ssr";
    | ^^^^^^^^^^^^^^^^^^^^^^^^^^^^^^^^^^^^^^^^^^^^^^^^^^^
  2 | import { NextResponse, type NextRequest } from "next/server";
  3 |
  4 | export async function middleware(request: NextRequest) {

https://nextjs.org/docs/messages/module-not-found 
[browser] ./src/middleware.ts:1:1
Error: Module not found: Can't resolve '@supabase/ssr'
> 1 | import { createServerClient } from "@supabase/ssr";
    | ^^^^^^^^^^^^^^^^^^^^^^^^^^^^^^^^^^^^^^^^^^^^^^^^^^^
  2 | import { NextResponse, type NextRequest } from "next/server";
  3 |
  4 | export async function middleware(request: NextRequest) {

https://nextjs.org/docs/messages/module-not-found 
[browser] ./src/middleware.ts:1:1
Error: Module not found: Can't resolve '@supabase/ssr'
> 1 | import { createServerClient } from "@supabase/ssr";
    | ^^^^^^^^^^^^^^^^^^^^^^^^^^^^^^^^^^^^^^^^^^^^^^^^^^^
  2 | import { NextResponse, type NextRequest } from "next/server";
  3 |
  4 | export async function middleware(request: NextRequest) {

https://nextjs.org/docs/messages/module-not-found 
[browser] ./src/middleware.ts:1:1
Error: Module not found: Can't resolve '@supabase/ssr'
> 1 | import { createServerClient } from "@supabase/ssr";
    | ^^^^^^^^^^^^^^^^^^^^^^^^^^^^^^^^^^^^^^^^^^^^^^^^^^^
  2 | import { NextResponse, type NextRequest } from "next/server";
  3 |
  4 | export async function middleware(request: NextRequest) {

https://nextjs.org/docs/messages/module-not-found 
[browser] ./src/middleware.ts:1:1
Error: Module not found: Can't resolve '@supabase/ssr'
> 1 | import { createServerClient } from "@supabase/ssr";
    | ^^^^^^^^^^^^^^^^^^^^^^^^^^^^^^^^^^^^^^^^^^^^^^^^^^^
  2 | import { NextResponse, type NextRequest } from "next/server";
  3 |
  4 | export async function middleware(request: NextRequest) {

https://nextjs.org/docs/messages/module-not-found 
[browser] ./src/middleware.ts:1:1
Error: Module not found: Can't resolve '@supabase/ssr'
> 1 | import { createServerClient } from "@supabase/ssr";
    | ^^^^^^^^^^^^^^^^^^^^^^^^^^^^^^^^^^^^^^^^^^^^^^^^^^^
  2 | import { NextResponse, type NextRequest } from "next/server";
  3 |
  4 | export async function middleware(request: NextRequest) {

https://nextjs.org/docs/messages/module-not-found 
[browser] ./src/middleware.ts:1:1
Error: Module not found: Can't resolve '@supabase/ssr'
> 1 | import { createServerClient } from "@supabase/ssr";
    | ^^^^^^^^^^^^^^^^^^^^^^^^^^^^^^^^^^^^^^^^^^^^^^^^^^^
  2 | import { NextResponse, type NextRequest } from "next/server";
  3 |
  4 | export async function middleware(request: NextRequest) {

https://nextjs.org/docs/messages/module-not-found 
[browser] ./src/middleware.ts:1:1
Error: Module not found: Can't resolve '@supabase/ssr'
> 1 | import { createServerClient } from "@supabase/ssr";
    | ^^^^^^^^^^^^^^^^^^^^^^^^^^^^^^^^^^^^^^^^^^^^^^^^^^^
  2 | import { NextResponse, type NextRequest } from "next/server";
  3 |
  4 | export async function middleware(request: NextRequest) {

https://nextjs.org/docs/messages/module-not-found 
[browser] ./src/middleware.ts:1:1
Error: Module not found: Can't resolve '@supabase/ssr'
> 1 | import { createServerClient } from "@supabase/ssr";
    | ^^^^^^^^^^^^^^^^^^^^^^^^^^^^^^^^^^^^^^^^^^^^^^^^^^^
  2 | import { NextResponse, type NextRequest } from "next/server";
  3 |
  4 | export async function middleware(request: NextRequest) {

https://nextjs.org/docs/messages/module-not-found 
[browser] ./src/middleware.ts:1:1
Error: Module not found: Can't resolve '@supabase/ssr'
> 1 | import { createServerClient } from "@supabase/ssr";
    | ^^^^^^^^^^^^^^^^^^^^^^^^^^^^^^^^^^^^^^^^^^^^^^^^^^^
  2 | import { NextResponse, type NextRequest } from "next/server";
  3 |
  4 | export async function middleware(request: NextRequest) {

https://nextjs.org/docs/messages/module-not-found 
[browser] ./src/middleware.ts:1:1
Error: Module not found: Can't resolve '@supabase/ssr'
> 1 | import { createServerClient } from "@supabase/ssr";
    | ^^^^^^^^^^^^^^^^^^^^^^^^^^^^^^^^^^^^^^^^^^^^^^^^^^^
  2 | import { NextResponse, type NextRequest } from "next/server";
  3 |
  4 | export async function middleware(request: NextRequest) {

https://nextjs.org/docs/messages/module-not-found 
[browser] ./src/middleware.ts:1:1
Error: Module not found: Can't resolve '@supabase/ssr'
> 1 | import { createServerClient } from "@supabase/ssr";
    | ^^^^^^^^^^^^^^^^^^^^^^^^^^^^^^^^^^^^^^^^^^^^^^^^^^^
  2 | import { NextResponse, type NextRequest } from "next/server";
  3 |
  4 | export async function middleware(request: NextRequest) {

https://nextjs.org/docs/messages/module-not-found 
[browser] ./src/middleware.ts:1:1
Error: Module not found: Can't resolve '@supabase/ssr'
> 1 | import { createServerClient } from "@supabase/ssr";
    | ^^^^^^^^^^^^^^^^^^^^^^^^^^^^^^^^^^^^^^^^^^^^^^^^^^^
  2 | import { NextResponse, type NextRequest } from "next/server";
  3 |
  4 | export async function middleware(request: NextRequest) {

https://nextjs.org/docs/messages/module-not-found 
[browser] ./src/middleware.ts:1:1
Error: Module not found: Can't resolve '@supabase/ssr'
> 1 | import { createServerClient } from "@supabase/ssr";
    | ^^^^^^^^^^^^^^^^^^^^^^^^^^^^^^^^^^^^^^^^^^^^^^^^^^^
  2 | import { NextResponse, type NextRequest } from "next/server";
  3 |
  4 | export async function middleware(request: NextRequest) {

https://nextjs.org/docs/messages/module-not-found 
[browser] ./src/middleware.ts:1:1
Error: Module not found: Can't resolve '@supabase/ssr'
> 1 | import { createServerClient } from "@supabase/ssr";
    | ^^^^^^^^^^^^^^^^^^^^^^^^^^^^^^^^^^^^^^^^^^^^^^^^^^^
  2 | import { NextResponse, type NextRequest } from "next/server";
  3 |
  4 | export async function middleware(request: NextRequest) {

https://nextjs.org/docs/messages/module-not-found 
[browser] ./src/middleware.ts:1:1
Error: Module not found: Can't resolve '@supabase/ssr'
> 1 | import { createServerClient } from "@supabase/ssr";
    | ^^^^^^^^^^^^^^^^^^^^^^^^^^^^^^^^^^^^^^^^^^^^^^^^^^^
  2 | import { NextResponse, type NextRequest } from "next/server";
  3 |
  4 | export async function middleware(request: NextRequest) {

https://nextjs.org/docs/messages/module-not-found 
[browser] ./src/middleware.ts:1:1
Error: Module not found: Can't resolve '@supabase/ssr'
> 1 | import { createServerClient } from "@supabase/ssr";
    | ^^^^^^^^^^^^^^^^^^^^^^^^^^^^^^^^^^^^^^^^^^^^^^^^^^^
  2 | import { NextResponse, type NextRequest } from "next/server";
  3 |
  4 | export async function middleware(request: NextRequest) {

https://nextjs.org/docs/messages/module-not-found 
[browser] ./src/middleware.ts:1:1
Error: Module not found: Can't resolve '@supabase/ssr'
> 1 | import { createServerClient } from "@supabase/ssr";
    | ^^^^^^^^^^^^^^^^^^^^^^^^^^^^^^^^^^^^^^^^^^^^^^^^^^^
  2 | import { NextResponse, type NextRequest } from "next/server";
  3 |
  4 | export async function middleware(request: NextRequest) {

https://nextjs.org/docs/messages/module-not-found 
[browser] ./src/middleware.ts:1:1
Error: Module not found: Can't resolve '@supabase/ssr'
> 1 | import { createServerClient } from "@supabase/ssr";
    | ^^^^^^^^^^^^^^^^^^^^^^^^^^^^^^^^^^^^^^^^^^^^^^^^^^^
  2 | import { NextResponse, type NextRequest } from "next/server";
  3 |
  4 | export async function middleware(request: NextRequest) {

https://nextjs.org/docs/messages/module-not-found 
[browser] ./src/middleware.ts:1:1
Error: Module not found: Can't resolve '@supabase/ssr'
> 1 | import { createServerClient } from "@supabase/ssr";
    | ^^^^^^^^^^^^^^^^^^^^^^^^^^^^^^^^^^^^^^^^^^^^^^^^^^^
  2 | import { NextResponse, type NextRequest } from "next/server";
  3 |
  4 | export async function middleware(request: NextRequest) {

https://nextjs.org/docs/messages/module-not-found 
[browser] ./src/middleware.ts:1:1
Error: Module not found: Can't resolve '@supabase/ssr'
> 1 | import { createServerClient } from "@supabase/ssr";
    | ^^^^^^^^^^^^^^^^^^^^^^^^^^^^^^^^^^^^^^^^^^^^^^^^^^^
  2 | import { NextResponse, type NextRequest } from "next/server";
  3 |
  4 | export async function middleware(request: NextRequest) {

https://nextjs.org/docs/messages/module-not-found 
[browser] ./src/middleware.ts:1:1
Error: Module not found: Can't resolve '@supabase/ssr'
> 1 | import { createServerClient } from "@supabase/ssr";
    | ^^^^^^^^^^^^^^^^^^^^^^^^^^^^^^^^^^^^^^^^^^^^^^^^^^^
  2 | import { NextResponse, type NextRequest } from "next/server";
  3 |
  4 | export async function middleware(request: NextRequest) {

https://nextjs.org/docs/messages/module-not-found 
[browser] ./src/middleware.ts:1:1
Error: Module not found: Can't resolve '@supabase/ssr'
> 1 | import { createServerClient } from "@supabase/ssr";
    | ^^^^^^^^^^^^^^^^^^^^^^^^^^^^^^^^^^^^^^^^^^^^^^^^^^^
  2 | import { NextResponse, type NextRequest } from "next/server";
  3 |
  4 | export async function middleware(request: NextRequest) {

https://nextjs.org/docs/messages/module-not-found 
[browser] ./src/middleware.ts:1:1
Error: Module not found: Can't resolve '@supabase/ssr'
> 1 | import { createServerClient } from "@supabase/ssr";
    | ^^^^^^^^^^^^^^^^^^^^^^^^^^^^^^^^^^^^^^^^^^^^^^^^^^^
  2 | import { NextResponse, type NextRequest } from "next/server";
  3 |
  4 | export async function middleware(request: NextRequest) {

https://nextjs.org/docs/messages/module-not-found 
[browser] ./src/middleware.ts:1:1
Error: Module not found: Can't resolve '@supabase/ssr'
> 1 | import { createServerClient } from "@supabase/ssr";
    | ^^^^^^^^^^^^^^^^^^^^^^^^^^^^^^^^^^^^^^^^^^^^^^^^^^^
  2 | import { NextResponse, type NextRequest } from "next/server";
  3 |
  4 | export async function middleware(request: NextRequest) {

https://nextjs.org/docs/messages/module-not-found 
[browser] ./src/middleware.ts:1:1
Error: Module not found: Can't resolve '@supabase/ssr'
> 1 | import { createServerClient } from "@supabase/ssr";
    | ^^^^^^^^^^^^^^^^^^^^^^^^^^^^^^^^^^^^^^^^^^^^^^^^^^^
  2 | import { NextResponse, type NextRequest } from "next/server";
  3 |
  4 | export async function middleware(request: NextRequest) {

https://nextjs.org/docs/messages/module-not-found 
[browser] ./src/middleware.ts:1:1
Error: Module not found: Can't resolve '@supabase/ssr'
> 1 | import { createServerClient } from "@supabase/ssr";
    | ^^^^^^^^^^^^^^^^^^^^^^^^^^^^^^^^^^^^^^^^^^^^^^^^^^^
  2 | import { NextResponse, type NextRequest } from "next/server";
  3 |
  4 | export async function middleware(request: NextRequest) {

https://nextjs.org/docs/messages/module-not-found 
[browser] ./src/middleware.ts:1:1
Error: Module not found: Can't resolve '@supabase/ssr'
> 1 | import { createServerClient } from "@supabase/ssr";
    | ^^^^^^^^^^^^^^^^^^^^^^^^^^^^^^^^^^^^^^^^^^^^^^^^^^^
  2 | import { NextResponse, type NextRequest } from "next/server";
  3 |
  4 | export async function middleware(request: NextRequest) {

https://nextjs.org/docs/messages/module-not-found 
✓ Compiled in 9.6s
 GET /analytics 200 in 4.9s (next.js: 1058ms, proxy.ts: 2.0s, application-code: 1773ms)
 GET / 200 in 321ms (next.js: 99ms, proxy.ts: 30ms, application-code: 192ms)
 GET /sources 200 in 153ms (next.js: 61ms, proxy.ts: 14ms, application-code: 78ms)
 GET / 200 in 183ms (next.js: 32ms, proxy.ts: 19ms, application-code: 133ms)
 GET / 200 in 5.0s (next.js: 1913ms, proxy.ts: 136ms, application-code: 3.0s)
 GET / 200 in 1238ms (next.js: 79ms, proxy.ts: 13ms, application-code: 1146ms)
 GET / 200 in 5.7s (next.js: 2.6s, proxy.ts: 303ms, application-code: 2.9s)
 GET / 200 in 1834ms (next.js: 320ms, proxy.ts: 353ms, application-code: 1161ms)
 GET / 200 in 1502ms (next.js: 19ms, proxy.ts: 11ms, application-code: 1471ms)
 GET / 200 in 1695ms (next.js: 301ms, proxy.ts: 139ms, application-code: 1254ms)
 GET / 200 in 1262ms (next.js: 150ms, proxy.ts: 132ms, application-code: 981ms)
 GET / 200 in 510ms (next.js: 169ms, proxy.ts: 64ms, application-code: 277ms)
 GET / 200 in 678ms (next.js: 113ms, proxy.ts: 45ms, application-code: 519ms)
 GET / 200 in 573ms (next.js: 46ms, proxy.ts: 50ms, application-code: 477ms)
 GET / 200 in 471ms (next.js: 87ms, proxy.ts: 83ms, application-code: 302ms)
 GET / 200 in 205ms (next.js: 61ms, proxy.ts: 19ms, application-code: 126ms)
 GET / 200 in 229ms (next.js: 56ms, proxy.ts: 23ms, application-code: 150ms)
 GET / 200 in 460ms (next.js: 65ms, proxy.ts: 19ms, application-code: 376ms)
 GET / 200 in 286ms (next.js: 75ms, proxy.ts: 26ms, application-code: 185ms)
 GET / 200 in 232ms (next.js: 75ms, proxy.ts: 24ms, application-code: 132ms)
 GET / 200 in 178ms (next.js: 40ms, proxy.ts: 13ms, application-code: 125ms)
 GET / 200 in 361ms (next.js: 47ms, proxy.ts: 15ms, application-code: 300ms)
 GET / 200 in 319ms (next.js: 68ms, proxy.ts: 23ms, application-code: 228ms)
 GET / 200 in 350ms (next.js: 51ms, proxy.ts: 28ms, application-code: 272ms)
 GET / 200 in 164ms (next.js: 26ms, proxy.ts: 11ms, application-code: 128ms)
 GET / 200 in 372ms (next.js: 25ms, proxy.ts: 15ms, application-code: 332ms)
 GET / 200 in 269ms (next.js: 51ms, proxy.ts: 24ms, application-code: 195ms)
 GET / 200 in 210ms (next.js: 74ms, proxy.ts: 15ms, application-code: 121ms)
 GET / 200 in 257ms (next.js: 39ms, proxy.ts: 16ms, application-code: 202ms)
 GET / 200 in 148ms (next.js: 32ms, proxy.ts: 13ms, application-code: 103ms)
 GET / 200 in 188ms (next.js: 48ms, proxy.ts: 13ms, application-code: 127ms)
 GET / 200 in 222ms (next.js: 64ms, proxy.ts: 18ms, application-code: 140ms)
 GET / 200 in 221ms (next.js: 20ms, proxy.ts: 9ms, application-code: 191ms)
 GET / 200 in 202ms (next.js: 30ms, proxy.ts: 26ms, application-code: 146ms)
✓ Compiled in 5.6s
 GET / 200 in 24.8s (next.js: 10.5s, proxy.ts: 1729ms, application-code: 12.5s)
 GET / 200 in 6.1s (next.js: 3.9s, proxy.ts: 215ms, application-code: 1991ms)
 GET / 200 in 1147ms (next.js: 242ms, proxy.ts: 9ms, application-code: 895ms)
 GET / 200 in 1547ms (next.js: 138ms, proxy.ts: 30ms, application-code: 1379ms)
 GET /settings 200 in 319ms (next.js: 137ms, proxy.ts: 21ms, application-code: 160ms)
⚠️  Node.js 20 and below are deprecated and will no longer be supported in future versions of @supabase/supabase-js. Please upgrade to Node.js 22 or later. For more information, visit: https://github.com/orgs/supabase/discussions/45715
 GET /api/preferences 401 in 2.7s (next.js: 2.3s, proxy.ts: 56ms, application-code: 322ms)
 GET /api/preferences 401 in 417ms (next.js: 131ms, proxy.ts: 70ms, application-code: 215ms)
 GET /settings 200 in 556ms (next.js: 85ms, proxy.ts: 65ms, application-code: 406ms)
 GET / 200 in 491ms (next.js: 345ms, proxy.ts: 35ms, application-code: 110ms)
 GET / 200 in 2.5s (next.js: 58ms, proxy.ts: 29ms, application-code: 2.4s)
 GET / 200 in 738ms (next.js: 97ms, proxy.ts: 42ms, application-code: 599ms)
 GET / 200 in 291ms (next.js: 65ms, proxy.ts: 64ms, application-code: 163ms)
 GET /apply-early 200 in 478ms (next.js: 166ms, proxy.ts: 26ms, application-code: 286ms)
 GET /apply-early 200 in 471ms (next.js: 60ms, proxy.ts: 21ms, application-code: 389ms)
 GET / 200 in 285ms (next.js: 91ms, proxy.ts: 35ms, application-code: 159ms)
 GET / 200 in 327ms (next.js: 96ms, proxy.ts: 55ms, application-code: 175ms)
 GET / 200 in 5.3s (next.js: 4.9s, proxy.ts: 14ms, application-code: 387ms)
✓ Compiled in 8.5s
 GET / 200 in 1590ms (next.js: 50ms, proxy.ts: 38ms, application-code: 1503ms)
 GET / 200 in 3.6s (next.js: 3.2s, proxy.ts: 14ms, application-code: 407ms)
✓ Compiled in 11.6s
✓ Compiled in 2.4s
 GET / 200 in 4.4s (next.js: 100ms, proxy.ts: 34ms, application-code: 4.3s)
 GET / 200 in 2.2s (next.js: 45ms, proxy.ts: 10ms, application-code: 2.1s)
 GET / 200 in 1233ms (next.js: 496ms, proxy.ts: 271ms, application-code: 466ms)
 GET / 200 in 599ms (next.js: 156ms, proxy.ts: 30ms, application-code: 413ms)
 GET /apply-early 200 in 194ms (next.js: 60ms, proxy.ts: 24ms, application-code: 111ms)
 GET / 200 in 129ms (next.js: 38ms, proxy.ts: 14ms, application-code: 77ms)
 GET /analytics 200 in 194ms (next.js: 69ms, proxy.ts: 13ms, application-code: 112ms)
 GET / 200 in 123ms (next.js: 33ms, proxy.ts: 19ms, application-code: 70ms)
✓ Compiled in 2.2s
✓ Compiled in 3.1s
✓ Compiled in 1628ms
 GET / 200 in 996ms (next.js: 126ms, proxy.ts: 16ms, application-code: 854ms)
 GET / 200 in 411ms (next.js: 189ms, proxy.ts: 85ms, application-code: 137ms)
 GET / 200 in 137ms (next.js: 39ms, proxy.ts: 15ms, application-code: 84ms)
 GET / 200 in 302ms (next.js: 30ms, proxy.ts: 18ms, application-code: 254ms)
 GET /jobs/3 200 in 592ms (next.js: 353ms, proxy.ts: 25ms, application-code: 214ms)
 GET / 200 in 99ms (next.js: 19ms, proxy.ts: 9ms, application-code: 70ms)
 GET /settings 200 in 297ms (next.js: 107ms, proxy.ts: 46ms, application-code: 143ms)
 GET /api/preferences 401 in 163ms (next.js: 34ms, proxy.ts: 57ms, application-code: 72ms)
 GET /api/preferences 401 in 117ms (next.js: 53ms, proxy.ts: 25ms, application-code: 38ms)
 GET / 200 in 89ms (next.js: 21ms, proxy.ts: 13ms, application-code: 54ms)
✓ Compiled in 2.3s
✓ Compiled in 2.6s
✓ Compiled in 4s
 GET / 200 in 777ms (next.js: 443ms, proxy.ts: 14ms, application-code: 320ms)
 GET / 200 in 217ms (next.js: 36ms, proxy.ts: 21ms, application-code: 161ms)
 GET / 200 in 211ms (next.js: 26ms, proxy.ts: 17ms, application-code: 168ms)
 GET / 200 in 145ms (next.js: 24ms, proxy.ts: 16ms, application-code: 105ms)
✓ Compiled in 2.7s
 GET / 200 in 3.2s (next.js: 1685ms, proxy.ts: 19ms, application-code: 1518ms)
✓ Compiled in 1890ms
 GET / 200 in 1586ms (next.js: 123ms, proxy.ts: 11ms, application-code: 1452ms)
 GET / 200 in 1661ms (next.js: 35ms, proxy.ts: 10ms, application-code: 1616ms)
 GET / 200 in 202ms (next.js: 63ms, proxy.ts: 31ms, application-code: 108ms)
⚠️  Node.js 20 and below are deprecated and will no longer be supported in future versions of @supabase/supabase-js. Please upgrade to Node.js 22 or later. For more information, visit: https://github.com/orgs/supabase/discussions/45715
 GET /api/jobs 200 in 1008ms (next.js: 723ms, proxy.ts: 13ms, application-code: 272ms)
 GET /api/jobs 200 in 460ms (next.js: 138ms, proxy.ts: 28ms, application-code: 294ms)
 GET / 200 in 189ms (next.js: 32ms, proxy.ts: 15ms, application-code: 142ms)
✓ Compiled in 2.7s
○ Compiling middleware ...
 GET / 200 in 23.2s (next.js: 10.1s, proxy.ts: 4.6s, application-code: 8.6s)
 GET / 200 in 823ms (next.js: 80ms, proxy.ts: 27ms, application-code: 716ms)
 GET / 200 in 651ms (next.js: 276ms, proxy.ts: 65ms, application-code: 309ms)
 GET / 200 in 267ms (next.js: 104ms, proxy.ts: 18ms, application-code: 145ms)
 GET / 200 in 245ms (next.js: 70ms, proxy.ts: 34ms, application-code: 141ms)
 GET / 200 in 438ms (next.js: 173ms, proxy.ts: 28ms, application-code: 237ms)
 GET / 200 in 495ms (next.js: 175ms, proxy.ts: 21ms, application-code: 299ms)
 GET / 200 in 321ms (next.js: 64ms, proxy.ts: 75ms, application-code: 182ms)
 GET / 200 in 461ms (next.js: 196ms, proxy.ts: 21ms, application-code: 243ms)
 GET / 200 in 544ms (next.js: 95ms, proxy.ts: 26ms, application-code: 424ms)
 GET / 200 in 629ms (next.js: 31ms, proxy.ts: 8ms, application-code: 590ms)
 GET / 200 in 525ms (next.js: 178ms, proxy.ts: 28ms, application-code: 320ms)
 GET / 200 in 439ms (next.js: 25ms, proxy.ts: 44ms, application-code: 370ms)
 GET / 200 in 334ms (next.js: 97ms, proxy.ts: 44ms, application-code: 193ms)
 GET / 200 in 737ms (next.js: 34ms, proxy.ts: 36ms, application-code: 668ms)
 GET / 200 in 275ms (next.js: 117ms, proxy.ts: 50ms, application-code: 107ms)
 GET / 200 in 129ms (next.js: 53ms, proxy.ts: 10ms, application-code: 66ms)
 GET / 200 in 279ms (next.js: 76ms, proxy.ts: 12ms, application-code: 192ms)
 GET / 200 in 357ms (next.js: 114ms, proxy.ts: 19ms, application-code: 224ms)
 GET / 200 in 233ms (next.js: 79ms, proxy.ts: 24ms, application-code: 130ms)
 GET / 200 in 177ms (next.js: 72ms, proxy.ts: 13ms, application-code: 92ms)
 GET / 200 in 174ms (next.js: 16ms, proxy.ts: 10ms, application-code: 148ms)
 GET / 200 in 418ms (next.js: 157ms, proxy.ts: 34ms, application-code: 227ms)
 GET / 200 in 252ms (next.js: 54ms, proxy.ts: 14ms, application-code: 184ms)
 GET / 200 in 805ms (next.js: 80ms, proxy.ts: 61ms, application-code: 665ms)
 GET / 200 in 915ms (next.js: 335ms, proxy.ts: 103ms, application-code: 477ms)
 GET / 200 in 425ms (next.js: 136ms, proxy.ts: 41ms, application-code: 247ms)
 GET / 200 in 545ms (next.js: 47ms, proxy.ts: 16ms, application-code: 483ms)
 GET / 200 in 1368ms (next.js: 563ms, proxy.ts: 101ms, application-code: 703ms)
 GET / 200 in 690ms (next.js: 137ms, proxy.ts: 108ms, application-code: 445ms)
 GET / 200 in 728ms (next.js: 383ms, proxy.ts: 21ms, application-code: 324ms)
 GET / 200 in 593ms (next.js: 26ms, proxy.ts: 15ms, application-code: 552ms)
 GET / 200 in 530ms (next.js: 170ms, proxy.ts: 89ms, application-code: 271ms)
 GET / 200 in 913ms (next.js: 151ms, proxy.ts: 52ms, application-code: 710ms)
⚠️  Node.js 20 and below are deprecated and will no longer be supported in future versions of @supabase/supabase-js. Please upgrade to Node.js 22 or later. For more information, visit: https://github.com/orgs/supabase/discussions/45715
 GET /api/jobs 200 in 587ms (next.js: 337ms, proxy.ts: 28ms, application-code: 222ms)
 GET /api/jobs 200 in 64ms (next.js: 20ms, proxy.ts: 18ms, application-code: 26ms)
 GET / 200 in 12.2s (next.js: 5.3s, proxy.ts: 297ms, application-code: 6.6s)
 GET / 200 in 2.9s (next.js: 459ms, proxy.ts: 21ms, application-code: 2.4s)
 GET / 200 in 1359ms (next.js: 998ms, proxy.ts: 12ms, application-code: 349ms)
 GET / 200 in 1399ms (next.js: 104ms, proxy.ts: 14ms, application-code: 1281ms)
 GET / 200 in 1580ms (next.js: 196ms, proxy.ts: 30ms, application-code: 1354ms)
 GET / 200 in 544ms (next.js: 36ms, proxy.ts: 34ms, application-code: 474ms)
 GET / 200 in 548ms (next.js: 33ms, proxy.ts: 14ms, application-code: 501ms)
 GET / 200 in 471ms (next.js: 68ms, proxy.ts: 18ms, application-code: 384ms)
 GET / 200 in 220ms (next.js: 86ms, proxy.ts: 12ms, application-code: 122ms)
 GET / 200 in 626ms (next.js: 478ms, proxy.ts: 49ms, application-code: 99ms)
 GET / 200 in 194ms (next.js: 38ms, proxy.ts: 13ms, application-code: 144ms)
 GET / 200 in 338ms (next.js: 58ms, proxy.ts: 14ms, application-code: 267ms)
 GET / 200 in 469ms (next.js: 78ms, proxy.ts: 14ms, application-code: 377ms)
 GET / 200 in 327ms (next.js: 30ms, proxy.ts: 21ms, application-code: 276ms)
 GET / 200 in 249ms (next.js: 81ms, proxy.ts: 20ms, application-code: 148ms)
 GET / 200 in 143ms (next.js: 19ms, proxy.ts: 12ms, application-code: 112ms)
 GET / 200 in 320ms (next.js: 90ms, proxy.ts: 23ms, application-code: 206ms)
 GET / 200 in 152ms (next.js: 36ms, proxy.ts: 14ms, application-code: 102ms)
 GET / 200 in 146ms (next.js: 17ms, proxy.ts: 11ms, application-code: 117ms)
 GET / 200 in 238ms (next.js: 18ms, proxy.ts: 8ms, application-code: 211ms)
 GET / 200 in 231ms (next.js: 29ms, proxy.ts: 11ms, application-code: 191ms)
 GET / 200 in 278ms (next.js: 28ms, proxy.ts: 12ms, application-code: 238ms)
 GET / 200 in 514ms (next.js: 82ms, proxy.ts: 12ms, application-code: 420ms)
 GET / 200 in 339ms (next.js: 117ms, proxy.ts: 26ms, application-code: 195ms)
 GET / 200 in 254ms (next.js: 21ms, proxy.ts: 20ms, application-code: 213ms)
 GET / 200 in 288ms (next.js: 170ms, proxy.ts: 49ms, application-code: 68ms)
 GET / 200 in 1075ms (next.js: 70ms, proxy.ts: 9ms, application-code: 996ms)
 GET / 200 in 883ms (next.js: 197ms, proxy.ts: 349ms, application-code: 337ms)
 GET / 200 in 820ms (next.js: 148ms, proxy.ts: 88ms, application-code: 585ms)
 GET / 200 in 668ms (next.js: 110ms, proxy.ts: 97ms, application-code: 461ms)
 GET / 200 in 617ms (next.js: 151ms, proxy.ts: 90ms, application-code: 376ms)
 GET / 200 in 670ms (next.js: 460ms, proxy.ts: 58ms, application-code: 152ms)
 GET / 200 in 794ms (next.js: 24ms, proxy.ts: 13ms, application-code: 757ms)
 GET / 200 in 658ms (next.js: 333ms, proxy.ts: 69ms, application-code: 256ms)
 GET / 200 in 673ms (next.js: 163ms, proxy.ts: 52ms, application-code: 459ms)
 GET / 200 in 940ms (next.js: 594ms, proxy.ts: 140ms, application-code: 207ms)
 GET / 200 in 1168ms (next.js: 30ms, proxy.ts: 28ms, application-code: 1110ms)
⚠️  Node.js 20 and below are deprecated and will no longer be supported in future versions of @supabase/supabase-js. Please upgrade to Node.js 22 or later. For more information, visit: https://github.com/orgs/supabase/discussions/45715
 GET /api/jobs 200 in 868ms (next.js: 630ms, proxy.ts: 31ms, application-code: 207ms)
 GET /api/jobs 200 in 120ms (next.js: 34ms, proxy.ts: 20ms, application-code: 66ms)
 GET /apply-early 200 in 222ms (next.js: 79ms, proxy.ts: 18ms, application-code: 125ms)
 GET / 200 in 188ms (next.js: 39ms, proxy.ts: 24ms, application-code: 126ms)
 GET /api/jobs 200 in 125ms (next.js: 23ms, proxy.ts: 34ms, application-code: 69ms)
 GET /api/jobs 200 in 235ms (next.js: 63ms, proxy.ts: 51ms, application-code: 121ms)
 GET / 200 in 1384ms (next.js: 532ms, proxy.ts: 293ms, application-code: 558ms)
 GET / 200 in 441ms (next.js: 53ms, proxy.ts: 33ms, application-code: 355ms)
 GET / 200 in 140ms (next.js: 33ms, proxy.ts: 44ms, application-code: 63ms)
 GET / 200 in 160ms (next.js: 53ms, proxy.ts: 18ms, application-code: 88ms)
 GET / 200 in 213ms (next.js: 37ms, proxy.ts: 20ms, application-code: 156ms)
 GET / 200 in 306ms (next.js: 33ms, proxy.ts: 23ms, application-code: 250ms)
 GET / 200 in 174ms (next.js: 27ms, proxy.ts: 15ms, application-code: 132ms)
 GET / 200 in 266ms (next.js: 52ms, proxy.ts: 18ms, application-code: 196ms)
 GET / 200 in 212ms (next.js: 44ms, proxy.ts: 32ms, application-code: 137ms)
 GET / 200 in 184ms (next.js: 50ms, proxy.ts: 14ms, application-code: 120ms)
 GET / 200 in 324ms (next.js: 37ms, proxy.ts: 18ms, application-code: 268ms)
 GET / 200 in 299ms (next.js: 31ms, proxy.ts: 15ms, application-code: 254ms)
 GET / 200 in 311ms (next.js: 34ms, proxy.ts: 20ms, application-code: 257ms)
 GET / 200 in 362ms (next.js: 34ms, proxy.ts: 19ms, application-code: 309ms)
 GET / 200 in 404ms (next.js: 53ms, proxy.ts: 21ms, application-code: 330ms)
 GET / 200 in 241ms (next.js: 55ms, proxy.ts: 29ms, application-code: 157ms)
 GET / 200 in 339ms (next.js: 33ms, proxy.ts: 23ms, application-code: 282ms)
 GET / 200 in 215ms (next.js: 48ms, proxy.ts: 22ms, application-code: 145ms)
 GET / 200 in 250ms (next.js: 41ms, proxy.ts: 26ms, application-code: 183ms)
 GET / 200 in 634ms (next.js: 74ms, proxy.ts: 41ms, application-code: 520ms)
 GET / 200 in 719ms (next.js: 87ms, proxy.ts: 63ms, application-code: 569ms)
 GET / 200 in 316ms (next.js: 120ms, proxy.ts: 37ms, application-code: 158ms)
 GET / 200 in 803ms (next.js: 19ms, proxy.ts: 20ms, application-code: 764ms)
 GET / 200 in 942ms (next.js: 110ms, proxy.ts: 49ms, application-code: 783ms)
 GET / 200 in 463ms (next.js: 232ms, proxy.ts: 48ms, application-code: 182ms)
 GET / 200 in 210ms (next.js: 47ms, proxy.ts: 25ms, application-code: 138ms)
 GET / 200 in 452ms (next.js: 47ms, proxy.ts: 25ms, application-code: 380ms)
 GET / 200 in 432ms (next.js: 44ms, proxy.ts: 23ms, application-code: 364ms)
 GET / 200 in 225ms (next.js: 35ms, proxy.ts: 26ms, application-code: 164ms)
 GET / 200 in 609ms (next.js: 61ms, proxy.ts: 18ms, application-code: 529ms)
 GET / 200 in 244ms (next.js: 43ms, proxy.ts: 42ms, application-code: 160ms)
 GET / 200 in 350ms (next.js: 51ms, proxy.ts: 24ms, application-code: 275ms)
 GET / 200 in 389ms (next.js: 28ms, proxy.ts: 27ms, application-code: 334ms)
 GET / 200 in 239ms (next.js: 30ms, proxy.ts: 16ms, application-code: 193ms)
 GET / 200 in 278ms (next.js: 64ms, proxy.ts: 53ms, application-code: 161ms)
